set	percent	crispr	strain	nplasmids	total_plasmids	prokka_crispr	prokka_arrays	mean	stdev
group 1	0-100%	0	ab00486	0	264	0	3	0.37	0.718
group 1	0-100%	0	ab00104	0	264	6	4	0.37	0.718
group 1	0-100%	0	ab01635	0	264	0	2	0.37	0.718
group 1	0-100%	0	ab01228	0	264	1	3	0.37	0.718
group 1	0-100%	0	ab00339	0	264	1	4	0.37	0.718
group 1	0-100%	0	ab02122	1	264	0	4	0.37	0.718
group 1	0-100%	0	ab01469	3	264	0	1	0.37	0.718
group 1	0-100%	0	ab01471	3	264	0	1	0.37	0.718
group 1	0-100%	0	ab01229	0	264	1	3	0.37	0.718
group 1	0-100%	0	ab01823	0	264	0	1	0.37	0.718
group 1	0-100%	0	ab01577	0	264	6	5	0.37	0.718
group 1	0-100%	0	ab02077	0	264	1	6	0.37	0.718
group 1	0-100%	0	ab01313	2	264	6	5	0.37	0.718
group 1	0-100%	0	ab00478	0	264	0	3	0.37	0.718
group 1	0-100%	0	ab02372	1	264	6	5	0.37	0.718
group 1	0-100%	1	ab01239	2	264	6	5	0.37	0.718
group 1	0-100%	0	ab00322	0	264	0	5	0.37	0.718
group 1	0-100%	0	ab01994	0	264	6	3	0.37	0.718
group 1	0-100%	0	ab00761	0	264	0	1	0.37	0.718
group 1	0-100%	0	ab01082	0	264	6	5	0.37	0.718
group 1	0-100%	0	ab01227	0	264	1	3	0.37	0.718
group 1	0-100%	0	ab01359	0	264	1	2	0.37	0.718
group 1	0-100%	0	ab00125	0	264	0	4	0.37	0.718
group 1	0-100%	0	ab01361	1	264	6	6	0.37	0.718
group 1	0-100%	0	ab01260	0	264	6	4	0.37	0.718
group 1	0-100%	0	ab00844	0	264	0	1	0.37	0.718
group 1	0-100%	0	ab00386	0	264	0	6	0.37	0.718
group 1	0-100%	0	ab00758	0	264	7	5	0.37	0.718
group 1	0-100%	0	ab02355	0	264	6	5	0.37	0.718
group 1	0-100%	0	ab00362	0	264	0	4	0.37	0.718
group 1	0-100%	0	ab01818	0	264	0	1	0.37	0.718
group 1	0-100%	0	ab00744	0	264	0	3	0.37	0.718
group 1	0-100%	0	ab01370	0	264	0	5	0.37	0.718
group 1	0-100%	0	ab01759	0	264	0	3	0.37	0.718
group 1	0-100%	0	ab02319	0	264	6	4	0.37	0.718
group 1	0-100%	0	ab01583	1	264	0	4	0.37	0.718
group 1	0-100%	0	ab01288	1	264	0	0	0.37	0.718
group 1	0-100%	0	ab02049	0	264	0	4	0.37	0.718
group 1	0-100%	0	ab02307	0	264	1	6	0.37	0.718
group 1	0-100%	0	ab02117	1	264	0	4	0.37	0.718
group 1	0-100%	0	ab00390	0	264	0	4	0.37	0.718
group 1	0-100%	0	ab01815	0	264	0	1	0.37	0.718
group 1	0-100%	0	ab02305	0	264	0	2	0.37	0.718
group 1	0-100%	0	ab00083	0	264	0	3	0.37	0.718
group 1	0-100%	0	ab00333	0	264	0	4	0.37	0.718
group 1	0-100%	0	ab00029	1	264	0	5	0.37	0.718
group 1	0-100%	0	ab01571	0	264	0	3	0.37	0.718
group 1	0-100%	0	ab02081	0	264	0	4	0.37	0.718
group 1	0-100%	0	ab02143	0	264	0	4	0.37	0.718
group 1	0-100%	0	ab00463	0	264	0	3	0.37	0.718
group 1	0-100%	0	ab01301	0	264	1	4	0.37	0.718
group 1	0-100%	0	ab00044	0	264	0	4	0.37	0.718
group 1	0-100%	0	ab01976	0	264	1	3	0.37	0.718
group 1	0-100%	0	ab02459	1	264	0	3	0.37	0.718
group 1	0-100%	0	ab02094	1	264	0	3	0.37	0.718
group 1	0-100%	0	ab01721	0	264	1	2	0.37	0.718
group 1	0-100%	0	ab02310	0	264	1	2	0.37	0.718
group 1	0-100%	0	ab00614	0	264	0	4	0.37	0.718
group 1	0-100%	0	ab00153	1	264	7	11	0.37	0.718
group 1	0-100%	0	ab01998	0	264	0	4	0.37	0.718
group 1	0-100%	0	ab01832	0	264	0	6	0.37	0.718
group 1	0-100%	0	ab01813	0	264	0	1	0.37	0.718
group 1	0-100%	0	ab01265	0	264	6	5	0.37	0.718
group 1	0-100%	0	ab00454	0	264	0	3	0.37	0.718
group 1	0-100%	0	ab01376	0	264	0	4	0.37	0.718
group 1	0-100%	0	ab00465	0	264	0	2	0.37	0.718
group 1	0-100%	0	ab02356	1	264	0	4	0.37	0.718
group 1	0-100%	0	ab02324	0	264	0	3	0.37	0.718
group 1	0-100%	0	ab00489	0	264	1	5	0.37	0.718
group 1	0-100%	0	ab00202	0	264	0	3	0.37	0.718
group 1	0-100%	0	ab02373	0	264	6	6	0.37	0.718
group 1	0-100%	0	ab00749	2	264	0	3	0.37	0.718
group 1	0-100%	0	ab01908	0	264	1	0	0.37	0.718
group 1	0-100%	0	ab00783	0	264	0	4	0.37	0.718
group 1	0-100%	0	ab00092	0	264	6	7	0.37	0.718
group 1	0-100%	0	ab00166	0	264	6	5	0.37	0.718
group 1	0-100%	0	ab00730	0	264	6	3	0.37	0.718
group 1	0-100%	0	ab00222	2	264	6	2	0.37	0.718
group 1	0-100%	0	ab01948	0	264	0	4	0.37	0.718
group 1	0-100%	0	ab00989	0	264	0	3	0.37	0.718
group 1	0-100%	0	ab00200	1	264	0	1	0.37	0.718
group 1	0-100%	0	ab00999	0	264	0	3	0.37	0.718
group 1	0-100%	0	ab01319	1	264	6	5	0.37	0.718
group 1	0-100%	0	ab02051	3	264	6	5	0.37	0.718
group 1	0-100%	0	ab00723	0	264	0	3	0.37	0.718
group 1	0-100%	0	ab00128	0	264	6	6	0.37	0.718
group 1	0-100%	0	ab01581	0	264	0	3	0.37	0.718
group 1	0-100%	0	ab02314	1	264	7	4	0.37	0.718
group 1	0-100%	0	ab00181	0	264	0	1	0.37	0.718
group 1	0-100%	0	ab02056	1	264	0	3	0.37	0.718
group 1	0-100%	0	ab01612	1	264	0	1	0.37	0.718
group 1	0-100%	0	ab02120	2	264	0	4	0.37	0.718
group 1	0-100%	0	ab01777	0	264	1	6	0.37	0.718
group 1	0-100%	0	ab02370	0	264	6	6	0.37	0.718
group 1	0-100%	0	ab01246	0	264	0	6	0.37	0.718
group 1	0-100%	0	ab00355	0	264	8	12	0.37	0.718
group 1	0-100%	0	ab01004	0	264	7	6	0.37	0.718
group 1	0-100%	0	ab02045	0	264	1	5	0.37	0.718
group 1	0-100%	0	ab00620	0	264	0	3	0.37	0.718
group 1	0-100%	0	ab01048	0	264	6	2	0.37	0.718
group 1	0-100%	0	ab01958	0	264	0	4	0.37	0.718
group 1	0-100%	0	ab00764	0	264	0	2	0.37	0.718
group 1	0-100%	0	ab00004	0	264	6	6	0.37	0.718
group 1	0-100%	0	ab01267	0	264	6	5	0.37	0.718
group 1	0-100%	0	ab01650	1	264	1	1	0.37	0.718
group 1	0-100%	0	ab00370	0	264	0	4	0.37	0.718
group 1	0-100%	0	ab00085	0	264	6	4	0.37	0.718
group 1	0-100%	0	ab01294	0	264	6	3	0.37	0.718
group 1	0-100%	0	ab00622	0	264	0	3	0.37	0.718
group 1	0-100%	0	ab00043	0	264	0	4	0.37	0.718
group 1	0-100%	0	ab01587	1	264	0	4	0.37	0.718
group 1	0-100%	0	ab01448	1	264	0	4	0.37	0.718
group 1	0-100%	0	ab00474	0	264	0	3	0.37	0.718
group 1	0-100%	0	ab00433	0	264	1	3	0.37	0.718
group 1	0-100%	0	ab02071	0	264	0	2	0.37	0.718
group 1	0-100%	0	ab02371	0	264	6	6	0.37	0.718
group 1	0-100%	0	ab00889	1	264	7	4	0.37	0.718
group 1	0-100%	0	ab00286	0	264	0	3	0.37	0.718
group 1	0-100%	0	ab02021	0	264	0	2	0.37	0.718
group 1	0-100%	1	ab00144	2	264	6	4	0.37	0.718
group 1	0-100%	0	ab00711	0	264	0	3	0.37	0.718
group 1	0-100%	0	ab02090	0	264	1	6	0.37	0.718
group 1	0-100%	0	ab01049	0	264	6	2	0.37	0.718
group 1	0-100%	0	ab01414	0	264	0	5	0.37	0.718
group 1	0-100%	0	ab01081	0	264	6	4	0.37	0.718
group 1	0-100%	0	ab00078	0	264	0	2	0.37	0.718
group 1	0-100%	0	ab00191	0	264	6	6	0.37	0.718
group 1	0-100%	0	ab01059	1	264	6	5	0.37	0.718
group 1	0-100%	0	ab00243	0	264	11	7	0.37	0.718
group 1	0-100%	0	ab01348	0	264	1	2	0.37	0.718
group 1	0-100%	0	ab01761	0	264	0	1	0.37	0.718
group 1	0-100%	0	ab01932	1	264	0	0	0.37	0.718
group 1	0-100%	0	ab00621	0	264	1	4	0.37	0.718
group 1	0-100%	0	ab00193	1	264	6	4	0.37	0.718
group 1	0-100%	0	ab00985	1	264	1	4	0.37	0.718
group 1	0-100%	0	ab00966	0	264	0	3	0.37	0.718
group 1	0-100%	0	ab00086	0	264	15	8	0.37	0.718
group 1	0-100%	0	ab00174	0	264	1	7	0.37	0.718
group 1	0-100%	0	ab01839	0	264	0	3	0.37	0.718
group 1	0-100%	0	ab02318	0	264	0	4	0.37	0.718
group 1	0-100%	0	ab01271	0	264	6	3	0.37	0.718
group 1	0-100%	0	ab02342	0	264	7	5	0.37	0.718
group 1	0-100%	0	ab00189	0	264	2	4	0.37	0.718
group 1	0-100%	0	ab01909	0	264	1	0	0.37	0.718
group 1	0-100%	0	ab01076	0	264	9	6	0.37	0.718
group 1	0-100%	0	ab01697	2	264	0	1	0.37	0.718
group 1	0-100%	0	ab00167	0	264	6	3	0.37	0.718
group 1	0-100%	0	ab01930	0	264	7	5	0.37	0.718
group 1	0-100%	0	ab01572	0	264	0	2	0.37	0.718
group 1	0-100%	0	ab00295	1	264	6	4	0.37	0.718
group 1	0-100%	0	ab00892	2	264	7	4	0.37	0.718
group 1	0-100%	0	ab00066	0	264	0	1	0.37	0.718
group 1	0-100%	0	ab01258	0	264	6	5	0.37	0.718
group 1	0-100%	0	ab01717	0	264	10	7	0.37	0.718
group 1	0-100%	0	ab00052	0	264	0	5	0.37	0.718
group 1	0-100%	0	ab00449	0	264	0	3	0.37	0.718
group 1	0-100%	0	ab01923	0	264	6	4	0.37	0.718
group 1	0-100%	0	ab00183	0	264	7	6	0.37	0.718
group 1	0-100%	0	ab01951	0	264	0	4	0.37	0.718
group 1	0-100%	0	ab01757	0	264	1	5	0.37	0.718
group 1	0-100%	0	ab01828	0	264	0	4	0.37	0.718
group 1	0-100%	0	ab01030	1	264	6	4	0.37	0.718
group 1	0-100%	0	ab01842	0	264	0	7	0.37	0.718
group 1	0-100%	0	ab01971	1	264	6	5	0.37	0.718
group 1	0-100%	0	ab02163	0	264	1	6	0.37	0.718
group 1	0-100%	0	ab01940	0	264	0	6	0.37	0.718
group 1	0-100%	0	ab02360	0	264	3	4	0.37	0.718
group 1	0-100%	0	ab02201	1	264	0	2	0.37	0.718
group 1	0-100%	0	ab00767	0	264	7	5	0.37	0.718
group 1	0-100%	0	ab00239	2	264	0	5	0.37	0.718
group 1	0-100%	0	ab00176	0	264	1	2	0.37	0.718
group 1	0-100%	0	ab01180	0	264	1	1	0.37	0.718
group 1	0-100%	1	ab00154	2	264	6	8	0.37	0.718
group 1	0-100%	0	ab01072	0	264	0	2	0.37	0.718
group 1	0-100%	0	ab02069	0	264	0	4	0.37	0.718
group 1	0-100%	0	ab00350	0	264	6	3	0.37	0.718
group 1	0-100%	0	ab01235	1	264	1	3	0.37	0.718
group 1	0-100%	0	ab00431	0	264	0	4	0.37	0.718
group 1	0-100%	0	ab01574	1	264	6	3	0.37	0.718
group 1	0-100%	0	ab01061	1	264	6	6	0.37	0.718
group 1	0-100%	0	ab00671	0	264	0	4	0.37	0.718
group 1	0-100%	0	ab02315	1	264	0	1	0.37	0.718
group 1	0-100%	0	ab02363	1	264	5	5	0.37	0.718
group 1	0-100%	0	ab01961	0	264	14	10	0.37	0.718
group 1	0-100%	0	ab00636	0	264	0	5	0.37	0.718
group 1	0-100%	0	ab01357	0	264	1	1	0.37	0.718
group 1	0-100%	0	ab01510	0	264	0	4	0.37	0.718
group 1	0-100%	0	ab01345	0	264	0	3	0.37	0.718
group 1	0-100%	0	ab02283	0	264	7	7	0.37	0.718
group 1	0-100%	0	ab00395	0	264	0	6	0.37	0.718
group 1	0-100%	0	ab01772	0	264	0	2	0.37	0.718
group 1	0-100%	0	ab00746	0	264	0	3	0.37	0.718
group 1	0-100%	0	ab02182	3	264	0	3	0.37	0.718
group 1	0-100%	0	ab00199	0	264	0	2	0.37	0.718
group 1	0-100%	0	ab01236	0	264	1	4	0.37	0.718
group 1	0-100%	0	ab00377	0	264	0	3	0.37	0.718
group 1	0-100%	0	ab02365	0	264	6	5	0.37	0.718
group 1	0-100%	0	ab01047	0	264	6	2	0.37	0.718
group 1	0-100%	0	ab00040	2	264	0	1	0.37	0.718
group 1	0-100%	0	ab00639	0	264	0	5	0.37	0.718
group 1	0-100%	0	ab02024	0	264	0	3	0.37	0.718
group 1	0-100%	0	ab00228	2	264	0	1	0.37	0.718
group 1	0-100%	0	ab01805	0	264	6	3	0.37	0.718
group 1	0-100%	0	ab00798	0	264	1	4	0.37	0.718
group 1	0-100%	0	ab01079	0	264	1	5	0.37	0.718
group 1	0-100%	0	ab00645	0	264	0	3	0.37	0.718
group 1	0-100%	0	ab01142	0	264	6	6	0.37	0.718
group 1	0-100%	0	ab00666	0	264	0	5	0.37	0.718
group 1	0-100%	0	ab02093	0	264	1	4	0.37	0.718
group 1	0-100%	0	ab02151	0	264	0	3	0.37	0.718
group 1	0-100%	0	ab01674	1	264	1	0	0.37	0.718
group 1	0-100%	0	ab01816	0	264	0	1	0.37	0.718
group 1	0-100%	0	ab01830	0	264	0	3	0.37	0.718
group 1	0-100%	0	ab00161	0	264	0	1	0.37	0.718
group 1	0-100%	0	ab02040	0	264	0	5	0.37	0.718
group 1	0-100%	0	ab01150	0	264	0	3	0.37	0.718
group 1	0-100%	0	ab00293	1	264	6	4	0.37	0.718
group 1	0-100%	0	ab01353	0	264	0	1	0.37	0.718
group 1	0-100%	0	ab00177	0	264	1	6	0.37	0.718
group 1	0-100%	0	ab01074	0	264	1	3	0.37	0.718
group 1	0-100%	0	ab01051	0	264	6	3	0.37	0.718
group 1	0-100%	0	ab00169	0	264	1	3	0.37	0.718
group 1	0-100%	0	ab00201	2	264	6	5	0.37	0.718
group 1	0-100%	0	ab01231	0	264	1	3	0.37	0.718
group 1	0-100%	0	ab00227	0	264	6	4	0.37	0.718
group 1	0-100%	0	ab00699	0	264	0	4	0.37	0.718
group 1	0-100%	1	ab02304	1	264	6	5	0.37	0.718
group 1	0-100%	0	ab02029	0	264	8	6	0.37	0.718
group 1	0-100%	0	ab00795	0	264	6	13	0.37	0.718
group 1	0-100%	0	ab02087	1	264	6	6	0.37	0.718
group 1	0-100%	0	ab01682	2	264	0	1	0.37	0.718
group 1	0-100%	0	ab02367	1	264	6	5	0.37	0.718
group 1	0-100%	0	ab00056	0	264	0	5	0.37	0.718
group 1	0-100%	0	ab01031	0	264	0	3	0.37	0.718
group 1	0-100%	0	ab00214	0	264	16	9	0.37	0.718
group 1	0-100%	0	ab01962	0	264	14	6	0.37	0.718
group 1	0-100%	0	ab00482	0	264	0	3	0.37	0.718
group 1	0-100%	0	ab01062	2	264	6	5	0.37	0.718
group 1	0-100%	0	ab01001	0	264	6	4	0.37	0.718
group 1	0-100%	0	ab02142	1	264	6	6	0.37	0.718
group 1	0-100%	0	ab00672	0	264	0	5	0.37	0.718
group 1	0-100%	0	ab02345	1	264	1	6	0.37	0.718
group 1	0-100%	0	ab02296	0	264	0	3	0.37	0.718
group 1	0-100%	0	ab00313	0	264	0	5	0.37	0.718
group 1	0-100%	0	ab00108	0	264	0	2	0.37	0.718
group 1	0-100%	0	ab01230	0	264	1	4	0.37	0.718
group 1	0-100%	0	ab00848	2	264	0	1	0.37	0.718
group 1	0-100%	0	ab00822	0	264	0	1	0.37	0.718
group 1	0-100%	0	ab01937	0	264	0	4	0.37	0.718
group 1	0-100%	0	ab01360	0	264	0	4	0.37	0.718
group 1	0-100%	0	ab00164	0	264	0	4	0.37	0.718
group 1	0-100%	0	ab01575	0	264	1	4	0.37	0.718
group 1	0-100%	0	ab00383	0	264	6	2	0.37	0.718
group 1	0-100%	0	ab02248	0	264	1	2	0.37	0.718
group 1	0-100%	0	ab02176	0	264	0	4	0.37	0.718
group 1	0-100%	0	ab01071	0	264	0	5	0.37	0.718
group 1	0-100%	0	ab00302	3	264	6	3	0.37	0.718
group 1	0-100%	0	ab00069	0	264	0	6	0.37	0.718
group 1	0-100%	1	ab02349	2	264	6	4	0.37	0.718
group 1	0-100%	0	ab01980	0	264	6	4	0.37	0.718
group 1	0-100%	0	ab00129	0	264	0	3	0.37	0.718
group 1	0-100%	0	ab01607	0	264	0	2	0.37	0.718
group 1	0-100%	0	ab00382	0	264	0	4	0.37	0.718
group 1	0-100%	0	ab00287	0	264	0	4	0.37	0.718
group 1	0-100%	0	ab01817	0	264	0	5	0.37	0.718
group 1	0-100%	0	ab00682	0	264	0	4	0.37	0.718
group 1	0-100%	0	ab01263	0	264	6	6	0.37	0.718
group 1	0-100%	0	ab02448	1	264	0	4	0.37	0.718
group 1	0-100%	0	ab02321	0	264	0	6	0.37	0.718
group 1	0-100%	0	ab01033	0	264	0	7	0.37	0.718
group 1	0-100%	0	ab00113	0	264	0	2	0.37	0.718
group 1	0-100%	0	ab01343	0	264	0	1	0.37	0.718
group 1	0-100%	0	ab00409	0	264	0	5	0.37	0.718
group 1	0-100%	0	ab01756	2	264	1	0	0.37	0.718
group 1	0-100%	0	ab01565	0	264	0	2	0.37	0.718
group 1	0-100%	0	ab01814	0	264	0	0	0.37	0.718
group 1	0-100%	0	ab00442	0	264	0	3	0.37	0.718
group 1	0-100%	0	ab00760	0	264	0	3	0.37	0.718
group 1	0-100%	0	ab01252	0	264	6	4	0.37	0.718
group 1	0-100%	0	ab02364	1	264	6	5	0.37	0.718
group 1	0-100%	0	ab02017	0	264	0	3	0.37	0.718
group 1	0-100%	0	ab00017	1	264	7	4	0.37	0.718
group 1	0-100%	0	ab01249	0	264	6	4	0.37	0.718
group 1	0-100%	0	ab01305	0	264	0	3	0.37	0.718
group 1	0-100%	0	ab01040	0	264	6	5	0.37	0.718
group 1	0-100%	0	ab00087	0	264	0	2	0.37	0.718
group 1	0-100%	0	ab00790	0	264	1	4	0.37	0.718
group 1	0-100%	0	ab01903	0	264	0	3	0.37	0.718
group 1	0-100%	0	ab01943	0	264	0	4	0.37	0.718
group 1	0-100%	0	ab01248	1	264	7	3	0.37	0.718
group 1	0-100%	0	ab00141	0	264	7	5	0.37	0.718
group 1	0-100%	0	ab00616	0	264	0	4	0.37	0.718
group 1	0-100%	0	ab00068	1	264	6	2	0.37	0.718
group 1	0-100%	0	ab01257	1	264	6	4	0.37	0.718
group 1	0-100%	0	ab01234	0	264	1	3	0.37	0.718
group 1	0-100%	0	ab02084	0	264	6	5	0.37	0.718
group 1	0-100%	0	ab00318	0	264	0	5	0.37	0.718
group 1	0-100%	0	ab02311	0	264	0	4	0.37	0.718
group 1	0-100%	0	ab00632	0	264	0	5	0.37	0.718
group 1	0-100%	0	ab02331	0	264	0	2	0.37	0.718
group 1	0-100%	0	ab02328	0	264	0	3	0.37	0.718
group 1	0-100%	0	ab01038	3	264	0	0	0.37	0.718
group 1	0-100%	0	ab01052	1	264	6	3	0.37	0.718
group 1	0-100%	0	ab01586	1	264	0	5	0.37	0.718
group 1	0-100%	0	ab00825	0	264	0	2	0.37	0.718
group 1	0-100%	0	ab02083	0	264	0	3	0.37	0.718
group 1	0-100%	0	ab02454	1	264	0	5	0.37	0.718
group 1	0-100%	0	ab02086	0	264	0	2	0.37	0.718
group 1	0-100%	0	ab01988	0	264	8	8	0.37	0.718
group 1	0-100%	0	ab00171	0	264	0	3	0.37	0.718
group 1	0-100%	0	ab01107	0	264	0	2	0.37	0.718
group 1	0-100%	0	ab00467	0	264	0	5	0.37	0.718
group 1	0-100%	0	ab00114	0	264	0	5	0.37	0.718
group 1	0-100%	0	ab00203	0	264	0	2	0.37	0.718
group 1	0-100%	0	ab00897	0	264	0	4	0.37	0.718
group 1	0-100%	0	ab00665	0	264	0	4	0.37	0.718
group 1	0-100%	0	ab00038	0	264	6	1	0.37	0.718
group 1	0-100%	0	ab00063	0	264	6	4	0.37	0.718
group 1	0-100%	0	ab00204	0	264	0	4	0.37	0.718
group 1	0-100%	0	ab01643	1	264	1	2	0.37	0.718
group 1	0-100%	0	ab00785	1	264	2	4	0.37	0.718
group 1	0-100%	0	ab01050	0	264	6	2	0.37	0.718
group 1	0-100%	0	ab01819	0	264	0	2	0.37	0.718
group 1	0-100%	0	ab01547	0	264	0	2	0.37	0.718
group 1	0-100%	0	ab00122	0	264	1	3	0.37	0.718
group 1	0-100%	0	ab02033	0	264	0	3	0.37	0.718
group 1	0-100%	0	ab02059	0	264	1	3	0.37	0.718
group 1	0-100%	0	ab00095	2	264	0	2	0.37	0.718
group 1	0-100%	1	ab00458	3	264	6	5	0.37	0.718
group 1	0-100%	0	ab00993	2	264	0	2	0.37	0.718
group 1	0-100%	0	ab01921	0	264	6	2	0.37	0.718
group 1	0-100%	0	ab02462	0	264	0	3	0.37	0.718
group 1	0-100%	0	ab00221	0	264	5	4	0.37	0.718
group 1	0-100%	0	ab01182	1	264	2	3	0.37	0.718
group 1	0-100%	0	ab02347	2	264	1	6	0.37	0.718
group 1	0-100%	0	ab00057	0	264	0	4	0.37	0.718
group 1	0-100%	0	ab00050	0	264	7	9	0.37	0.718
group 1	0-100%	0	ab00232	0	264	0	1	0.37	0.718
group 1	0-100%	0	ab02063	0	264	1	5	0.37	0.718
group 1	0-100%	0	ab01845	1	264	0	1	0.37	0.718
group 1	0-100%	0	ab00336	0	264	0	3	0.37	0.718
group 1	0-100%	0	ab01812	0	264	0	0	0.37	0.718
group 1	0-100%	0	ab00732	0	264	1	4	0.37	0.718
group 1	0-100%	0	ab00692	0	264	0	4	0.37	0.718
group 1	0-100%	0	ab01143	0	264	0	2	0.37	0.718
group 1	0-100%	0	ab00890	1	264	6	3	0.37	0.718
group 1	0-100%	0	ab01588	1	264	0	3	0.37	0.718
group 1	0-100%	0	ab00299	3	264	6	2	0.37	0.718
group 1	0-100%	0	ab01320	1	264	6	6	0.37	0.718
group 1	0-100%	0	ab01775	0	264	6	4	0.37	0.718
group 1	0-100%	0	ab01987	0	264	0	1	0.37	0.718
group 1	0-100%	0	ab00782	0	264	7	5	0.37	0.718
group 1	0-100%	0	ab02346	0	264	0	6	0.37	0.718
group 1	0-100%	0	ab01887	0	264	1	6	0.37	0.718
group 1	0-100%	0	ab02138	0	264	0	4	0.37	0.718
group 1	0-100%	0	ab00617	0	264	1	4	0.37	0.718
group 1	0-100%	0	ab02053	0	264	0	4	0.37	0.718
group 1	0-100%	0	ab01069	0	264	0	4	0.37	0.718
group 1	0-100%	0	ab02456	1	264	0	4	0.37	0.718
group 1	0-100%	0	ab01862	1	264	6	6	0.37	0.718
group 1	0-100%	0	ab00684	0	264	0	5	0.37	0.718
group 1	0-100%	0	ab01934	1	264	0	0	0.37	0.718
group 1	0-100%	0	ab00091	0	264	7	8	0.37	0.718
group 1	0-100%	0	ab01346	0	264	1	1	0.37	0.718
group 1	0-100%	0	ab01595	1	264	0	1	0.37	0.718
group 1	0-100%	0	ab00364	0	264	0	3	0.37	0.718
group 1	0-100%	0	ab00077	0	264	0	3	0.37	0.718
group 1	0-100%	0	ab01256	0	264	7	5	0.37	0.718
group 1	0-100%	0	ab01824	0	264	0	1	0.37	0.718
group 1	0-100%	1	ab00151	2	264	9	7	0.37	0.718
group 1	0-100%	0	ab01046	0	264	1	4	0.37	0.718
group 1	0-100%	0	ab01905	1	264	1	0	0.37	0.718
group 1	0-100%	0	ab01000	0	264	7	5	0.37	0.718
group 1	0-100%	0	ab01841	2	264	0	3	0.37	0.718
group 1	0-100%	0	ab00765	0	264	0	5	0.37	0.718
group 1	0-100%	0	ab00225	0	264	0	4	0.37	0.718
group 1	0-100%	0	ab01053	1	264	6	2	0.37	0.718
group 1	0-100%	0	ab02016	1	264	6	7	0.37	0.718
group 1	0-100%	0	ab01570	0	264	0	2	0.37	0.718
group 1	0-100%	0	ab02453	1	264	0	4	0.37	0.718
group 1	0-100%	0	ab01043	0	264	1	4	0.37	0.718
group 1	0-100%	0	ab01351	0	264	1	1	0.37	0.718
group 1	0-100%	0	ab00408	0	264	6	6	0.37	0.718
group 1	0-100%	0	ab01088	1	264	0	3	0.37	0.718
group 1	0-100%	2	ab01329	3	264	6	5	0.37	0.718
group 1	0-100%	0	ab01139	0	264	0	3	0.37	0.718
group 1	0-100%	0	ab02340	0	264	6	5	0.37	0.718
group 1	0-100%	0	ab00898	2	264	0	0	0.37	0.718
group 1	0-100%	0	ab02312	0	264	0	4	0.37	0.718
group 1	0-100%	0	ab00378	0	264	8	5	0.37	0.718
group 1	0-100%	0	ab00240	2	264	0	4	0.37	0.718
group 1	0-100%	0	ab02061	1	264	6	5	0.37	0.718
group 1	0-100%	0	ab00341	0	264	1	5	0.37	0.718
group 1	0-100%	0	ab01939	0	264	8	7	0.37	0.718
group 1	0-100%	0	ab01584	0	264	0	3	0.37	0.718
group 1	0-100%	0	ab02082	0	264	0	4	0.37	0.718
group 1	0-100%	0	ab00054	0	264	6	5	0.37	0.718
group 1	0-100%	0	ab01273	0	264	6	7	0.37	0.718
group 1	0-100%	1	ab00457	1	264	6	7	0.37	0.718
group 1	0-100%	0	ab00316	0	264	0	2	0.37	0.718
group 1	0-100%	0	ab00342	1	264	0	1	0.37	0.718
group 1	0-100%	0	ab01344	0	264	0	3	0.37	0.718
group 1	0-100%	0	ab00650	0	264	7	6	0.37	0.718
group 1	0-100%	0	ab00775	0	264	0	1	0.37	0.718
group 1	0-100%	0	ab02325	0	264	0	3	0.37	0.718
group 1	0-100%	0	ab01809	0	264	0	3	0.37	0.718
group 1	0-100%	0	ab01342	0	264	1	2	0.37	0.718
group 1	0-100%	0	ab00330	0	264	6	2	0.37	0.718
group 1	0-100%	0	ab01933	0	264	0	1	0.37	0.718
group 1	0-100%	0	ab02062	1	264	0	2	0.37	0.718
group 1	0-100%	0	ab00172	0	264	7	1	0.37	0.718
group 1	0-100%	0	ab00173	0	264	6	6	0.37	0.718
group 1	0-100%	0	ab01309	0	264	0	5	0.37	0.718
group 1	0-100%	0	ab01254	0	264	6	5	0.37	0.718
group 1	0-100%	0	ab01268	0	264	6	5	0.37	0.718
group 1	0-100%	0	ab01949	1	264	0	1	0.37	0.718
group 1	0-100%	0	ab00321	0	264	0	5	0.37	0.718
group 1	0-100%	0	ab00196	1	264	6	6	0.37	0.718
group 1	0-100%	0	ab00729	0	264	0	4	0.37	0.718
group 1	0-100%	0	ab00745	0	264	0	3	0.37	0.718
group 1	0-100%	0	ab02317	0	264	7	4	0.37	0.718
group 1	0-100%	0	ab02124	1	264	0	4	0.37	0.718
group 1	0-100%	0	ab00180	0	264	6	4	0.37	0.718
group 1	0-100%	0	ab01270	0	264	1	6	0.37	0.718
group 1	0-100%	0	ab01295	1	264	6	7	0.37	0.718
group 1	0-100%	0	ab00072	0	264	6	9	0.37	0.718
group 1	0-100%	0	ab00816	0	264	1	4	0.37	0.718
group 1	0-100%	0	ab01871	0	264	0	2	0.37	0.718
group 1	0-100%	0	ab02458	2	264	0	4	0.37	0.718
group 1	0-100%	0	ab01251	1	264	6	4	0.37	0.718
group 1	0-100%	0	ab01664	2	264	0	1	0.37	0.718
group 1	0-100%	0	ab01861	0	264	0	4	0.37	0.718
group 1	0-100%	0	ab00400	0	264	0	5	0.37	0.718
group 1	0-100%	0	ab00755	0	264	0	2	0.37	0.718
group 1	0-100%	0	ab01785	1	264	2	3	0.37	0.718
group 1	0-100%	2	ab02348	2	264	0	3	0.37	0.718
group 1	0-100%	0	ab00998	0	264	6	4	0.37	0.718
group 1	0-100%	0	ab00403	0	264	0	4	0.37	0.718
group 1	0-100%	0	ab02361	0	264	7	5	0.37	0.718
group 1	0-100%	0	ab02072	0	264	0	3	0.37	0.718
group 1	0-100%	0	ab01264	0	264	6	4	0.37	0.718
group 1	0-100%	0	ab01002	0	264	0	4	0.37	0.718
group 1	0-100%	0	ab00820	0	264	1	4	0.37	0.718
group 1	0-100%	0	ab01863	0	264	0	4	0.37	0.718
group 1	0-100%	0	ab00107	2	264	6	5	0.37	0.718
group 1	0-100%	0	ab01959	0	264	1	3	0.37	0.718
group 1	0-100%	0	ab00135	0	264	1	5	0.37	0.718
group 1	0-100%	0	ab00398	0	264	6	5	0.37	0.718
group 1	0-100%	0	ab01226	0	264	1	5	0.37	0.718
group 1	0-100%	0	ab01508	2	264	0	1	0.37	0.718
group 1	0-100%	0	ab01578	0	264	1	4	0.37	0.718
group 1	0-100%	0	ab01935	0	264	6	4	0.37	0.718
group 1	0-100%	0	ab01801	0	264	0	1	0.37	0.718
group 1	0-100%	0	ab01931	0	264	6	4	0.37	0.718
group 1	0-100%	0	ab01619	2	264	0	2	0.37	0.718
group 1	0-100%	0	ab01965	0	264	0	4	0.37	0.718
group 1	0-100%	0	ab01771	1	264	6	3	0.37	0.718
group 1	0-100%	0	ab00815	0	264	1	4	0.37	0.718
group 1	0-100%	0	ab01036	0	264	0	0	0.37	0.718
group 1	0-100%	0	ab02450	1	264	0	3	0.37	0.718
group 1	0-100%	0	ab01350	0	264	1	0	0.37	0.718
group 1	0-100%	0	ab01392	0	264	0	4	0.37	0.718
group 1	0-100%	0	ab02290	1	264	1	4	0.37	0.718
group 1	0-100%	0	ab01308	2	264	0	3	0.37	0.718
group 1	0-100%	0	ab00175	0	264	0	2	0.37	0.718
group 1	0-100%	0	ab02368	1	264	6	4	0.37	0.718
group 1	0-100%	0	ab01266	0	264	6	4	0.37	0.718
group 1	0-100%	0	ab00893	0	264	0	4	0.37	0.718
group 1	0-100%	0	ab02329	0	264	0	6	0.37	0.718
group 1	0-100%	0	ab00215	0	264	7	8	0.37	0.718
group 1	0-100%	0	ab01982	0	264	0	4	0.37	0.718
group 1	0-100%	0	ab01135	0	264	0	4	0.37	0.718
group 1	0-100%	0	ab00170	0	264	8	9	0.37	0.718
group 1	0-100%	0	ab00422	0	264	0	1	0.37	0.718
group 1	0-100%	0	ab00644	0	264	0	5	0.37	0.718
group 1	0-100%	0	ab01181	0	264	1	0	0.37	0.718
group 1	0-100%	0	ab00354	0	264	1	5	0.37	0.718
group 1	0-100%	0	ab00683	0	264	0	5	0.37	0.718
group 1	0-100%	0	ab01075	0	264	0	3	0.37	0.718
group 1	0-100%	0	ab01855	0	264	0	4	0.37	0.718
group 1	0-100%	0	ab01255	1	264	6	4	0.37	0.718
group 1	0-100%	0	ab01780	0	264	6	3	0.37	0.718
group 1	0-100%	0	ab00045	1	264	6	2	0.37	0.718
group 1	0-100%	0	ab01386	0	264	0	3	0.37	0.718
group 1	0-100%	0	ab00007	0	264	8	5	0.37	0.718
group 1	0-100%	0	ab00436	0	264	0	2	0.37	0.718
group 1	0-100%	0	ab02316	0	264	0	1	0.37	0.718
group 1	0-100%	0	ab00635	0	264	0	4	0.37	0.718
group 1	0-100%	0	ab01821	0	264	0	2	0.37	0.718
group 1	0-100%	0	ab00298	2	264	7	5	0.37	0.718
group 1	0-100%	0	ab02366	0	264	6	5	0.37	0.718
group 1	0-100%	0	ab00036	0	264	0	4	0.37	0.718
group 1	0-100%	0	ab02369	0	264	6	5	0.37	0.718
group 1	0-100%	0	ab00003	0	264	6	5	0.37	0.718
group 1	0-100%	0	ab00946	0	264	0	4	0.37	0.718
group 1	0-100%	0	ab00444	0	264	0	2	0.37	0.718
group 1	0-100%	0	ab00152	1	264	6	9	0.37	0.718
group 1	0-100%	0	ab01042	0	264	8	4	0.37	0.718
group 1	0-100%	0	ab01317	0	264	0	4	0.37	0.718
group 1	0-100%	0	ab01339	1	264	6	2	0.37	0.718
group 1	0-100%	0	ab00156	0	264	0	1	0.37	0.718
group 1	0-100%	0	ab00967	0	264	0	3	0.37	0.718
group 1	0-100%	0	ab00713	0	264	0	5	0.37	0.718
group 1	0-100%	0	ab02322	0	264	0	4	0.37	0.718
group 1	0-100%	0	ab00778	0	264	0	3	0.37	0.718
group 1	0-100%	0	ab00693	1	264	0	4	0.37	0.718
group 1	0-100%	0	ab00618	0	264	0	4	0.37	0.718
group 1	0-100%	0	ab01005	1	264	0	3	0.37	0.718
group 1	0-100%	0	ab01981	0	264	1	3	0.37	0.718
group 1	0-100%	0	ab01003	0	264	1	3	0.37	0.718
group 1	0-100%	0	ab01891	0	264	0	2	0.37	0.718
group 1	0-100%	0	ab00445	0	264	0	4	0.37	0.718
group 1	0-100%	0	ab01802	1	264	0	1	0.37	0.718
group 1	0-100%	0	ab00246	1	264	0	3	0.37	0.718
group 1	0-100%	0	ab01797	1	264	0	0	0.37	0.718
group 1	0-100%	0	ab00269	0	264	0	2	0.37	0.718
group 1	0-100%	1	ab02351	2	264	6	4	0.37	0.718
group 1	0-100%	0	ab00700	0	264	0	4	0.37	0.718
group 1	0-100%	0	ab01478	3	264	0	1	0.37	0.718
group 1	0-100%	0	ab00028	3	264	8	2	0.37	0.718
group 1	0-100%	0	ab00781	0	264	7	5	0.37	0.718
group 1	0-100%	0	ab01840	0	264	0	2	0.37	0.718
group 1	0-100%	0	ab01856	0	264	0	3	0.37	0.718
group 1	0-100%	0	ab02445	0	264	1	4	0.37	0.718
group 1	0-100%	0	ab02330	0	264	0	3	0.37	0.718
group 1	0-100%	0	ab02455	1	264	0	4	0.37	0.718
group 1	0-100%	0	ab00192	2	264	0	5	0.37	0.718
group 1	0-100%	0	ab02174	1	264	6	6	0.37	0.718
group 1	0-100%	0	ab02313	0	264	0	1	0.37	0.718
group 1	0-100%	0	ab01200	0	264	0	2	0.37	0.718
group 1	0-100%	0	ab01244	0	264	1	3	0.37	0.718
group 1	0-100%	0	ab01374	0	264	0	2	0.37	0.718
group 1	0-100%	0	ab02466	0	264	0	3	0.37	0.718
group 1	0-100%	0	ab01567	0	264	1	3	0.37	0.718
group 1	0-100%	0	ab01077	0	264	1	2	0.37	0.718
group 1	0-100%	0	ab01352	0	264	1	1	0.37	0.718
group 1	0-100%	0	ab01632	0	264	1	3	0.37	0.718
group 1	0-100%	0	ab01068	0	264	0	2	0.37	0.718
group 1	0-100%	0	ab00472	0	264	0	5	0.37	0.718
group 1	0-100%	0	ab00098	0	264	7	7	0.37	0.718
group 1	0-100%	0	ab01083	3	264	6	3	0.37	0.718
group 1	0-100%	0	ab00185	0	264	0	2	0.37	0.718
group 1	0-100%	0	ab01605	2	264	0	0	0.37	0.718
group 1	0-100%	0	ab02006	0	264	0	5	0.37	0.718
group 1	0-100%	0	ab00325	0	264	0	3	0.37	0.718
group 1	0-100%	0	ab00768	0	264	0	2	0.37	0.718
group 1	0-100%	0	ab00143	0	264	1	1	0.37	0.718
group 1	0-100%	0	ab02457	1	264	0	4	0.37	0.718
group 1	0-100%	0	ab01936	1	264	0	3	0.37	0.718
group 1	0-100%	0	ab01237	0	264	1	3	0.37	0.718
group 1	0-100%	0	ab01027	0	264	0	4	0.37	0.718
group 1	0-100%	0	ab01629	2	264	0	0	0.37	0.718
group 1	0-100%	0	ab01354	0	264	1	2	0.37	0.718
group 1	0-100%	0	ab01440	1	264	0	2	0.37	0.718
group 1	0-100%	0	ab01975	0	264	0	2	0.37	0.718
group 1	0-100%	0	ab01763	2	264	0	1	0.37	0.718
group 1	0-100%	0	ab00676	0	264	0	4	0.37	0.718
group 1	0-100%	0	ab00441	0	264	0	4	0.37	0.718
group 1	0-100%	0	ab02251	0	264	1	2	0.37	0.718
group 1	0-100%	0	ab00136	0	264	0	0	0.37	0.718
group 1	0-100%	0	ab00837	0	264	15	8	0.37	0.718
group 1	0-100%	0	ab00438	0	264	1	4	0.37	0.718
group 1	0-100%	0	ab01992	1	264	0	2	0.37	0.718
group 1	0-100%	0	ab01670	0	264	15	5	0.37	0.718
group 1	0-100%	0	ab01637	2	264	0	0	0.37	0.718
group 1	0-100%	0	ab00835	1	264	0	1	0.37	0.718
group 1	0-100%	0	ab00346	0	264	1	3	0.37	0.718
group 1	0-100%	0	ab00241	1	264	9	5	0.37	0.718
group 1	0-100%	0	ab01151	0	264	0	5	0.37	0.718
group 1	0-100%	0	ab00766	0	264	0	4	0.37	0.718
group 1	0-100%	0	ab02447	1	264	0	4	0.37	0.718
group 1	0-100%	0	ab02306	0	264	0	3	0.37	0.718
group 1	0-100%	0	ab00384	0	264	0	7	0.37	0.718
group 1	0-100%	0	ab00006	4	264	6	5	0.37	0.718
group 1	0-100%	0	ab00895	1	264	0	4	0.37	0.718
group 1	0-100%	0	ab00631	0	264	1	4	0.37	0.718
group 1	0-100%	0	ab00235	0	264	6	5	0.37	0.718
group 1	0-100%	0	ab01566	0	264	0	3	0.37	0.718
group 1	0-100%	0	ab01044	0	264	1	4	0.37	0.718
group 1	0-100%	0	ab00396	0	264	0	4	0.37	0.718
group 1	0-100%	0	ab00272	1	264	6	3	0.37	0.718
group 1	0-100%	0	ab01232	0	264	1	4	0.37	0.718
group 1	0-100%	0	ab00430	0	264	0	4	0.37	0.718
group 1	0-100%	0	ab02452	0	264	0	4	0.37	0.718
group 1	0-100%	0	ab01804	2	264	0	2	0.37	0.718
group 1	0-100%	0	ab00492	0	264	6	6	0.37	0.718
group 1	0-100%	0	ab00774	0	264	6	4	0.37	0.718
group 1	0-100%	0	ab00469	0	264	0	3	0.37	0.718
group 1	0-100%	0	ab00037	1	264	8	4	0.37	0.718
group 1	0-100%	0	ab00429	0	264	0	4	0.37	0.718
group 1	0-100%	0	ab01167	1	264	0	3	0.37	0.718
group 1	0-100%	0	ab02218	0	264	6	9	0.37	0.718
group 1	0-100%	0	ab01097	1	264	6	4	0.37	0.718
group 1	0-100%	0	ab00099	0	264	7	7	0.37	0.718
group 1	0-100%	0	ab01261	0	264	7	3	0.37	0.718
group 1	0-100%	0	ab00640	0	264	0	5	0.37	0.718
group 1	0-100%	0	ab00673	0	264	0	4	0.37	0.718
group 1	0-100%	0	ab02025	0	264	0	4	0.37	0.718
group 1	0-100%	0	ab02309	0	264	0	2	0.37	0.718
group 1	0-100%	0	ab01582	0	264	0	3	0.37	0.718
group 1	0-100%	0	ab00061	0	264	7	9	0.37	0.718
group 1	0-100%	0	ab00975	1	264	0	1	0.37	0.718
group 1	0-100%	0	ab00776	0	264	0	1	0.37	0.718
group 1	0-100%	0	ab01645	2	264	0	2	0.37	0.718
group 1	0-100%	0	ab01765	0	264	1	3	0.37	0.718
group 1	0-100%	0	ab01592	1	264	0	0	0.37	0.718
group 1	0-100%	0	ab01955	0	264	0	4	0.37	0.718
group 1	0-100%	0	ab00633	0	264	0	4	0.37	0.718
group 1	0-100%	1	ab00756	2	264	7	5	0.37	0.718
group 1	0-100%	0	ab01159	0	264	6	6	0.37	0.718
group 1	0-100%	0	ab00334	0	264	0	3	0.37	0.718
group 1	0-100%	0	ab01904	1	264	1	0	0.37	0.718
group 1	0-100%	0	ab00770	0	264	6	3	0.37	0.718
group 1	0-100%	0	ab01259	0	264	6	4	0.37	0.718
group 1	0-100%	0	ab00701	0	264	0	4	0.37	0.718
group 1	0-100%	0	ab02114	1	264	0	3	0.37	0.718
group 1	0-100%	0	ab00763	0	264	1	1	0.37	0.718
group 1	0-100%	0	ab00468	0	264	0	2	0.37	0.718
group 1	0-100%	0	ab02047	0	264	0	5	0.37	0.718
group 1	0-100%	0	ab01214	0	264	0	3	0.37	0.718
group 1	0-100%	0	ab00829	1	264	1	4	0.37	0.718
group 1	0-100%	0	ab00140	0	264	0	1	0.37	0.718
group 1	0-100%	0	ab02057	0	264	1	3	0.37	0.718
group 1	0-100%	0	ab01328	0	264	6	4	0.37	0.718
group 1	0-100%	0	ab00089	0	264	0	5	0.37	0.718
group 1	0-100%	0	ab00216	0	264	7	7	0.37	0.718
group 1	0-100%	0	ab02308	0	264	7	2	0.37	0.718
group 1	0-100%	0	ab00011	0	264	1	3	0.37	0.718
group 1	0-100%	0	ab01058	0	264	6	4	0.37	0.718
group 1	0-100%	0	ab01799	2	264	0	3	0.37	0.718
group 1	0-100%	0	ab00244	0	264	6	2	0.37	0.718
group 1	0-100%	0	ab00073	0	264	6	5	0.37	0.718
group 1	0-100%	0	ab01233	0	264	1	3	0.37	0.718
group 1	0-100%	0	ab00686	0	264	0	4	0.37	0.718
group 1	0-100%	0	ab01006	0	264	7	6	0.37	0.718
group 1	0-100%	0	ab02294	0	264	0	3	0.37	0.718
group 1	0-100%	0	ab01878	0	264	6	5	0.37	0.718
group 1	0-100%	0	ab00997	0	264	0	2	0.37	0.718
group 1	0-100%	0	ab01829	0	264	0	4	0.37	0.718
group 1	0-100%	0	ab00292	0	264	0	2	0.37	0.718
group 1	0-100%	0	ab00048	0	264	0	3	0.37	0.718
group 1	0-100%	0	ab01941	0	264	0	4	0.37	0.718
group 1	0-100%	0	ab00103	0	264	0	0	0.37	0.718
group 1	0-100%	0	ab00049	0	264	6	4	0.37	0.718
group 1	0-100%	0	ab00084	0	264	0	5	0.37	0.718
group 1	0-100%	0	ab01922	0	264	1	3	0.37	0.718
group 1	0-100%	0	ab01996	0	264	1	3	0.37	0.718
group 1	0-100%	0	ab01178	0	264	1	1	0.37	0.718
group 1	0-100%	0	ab02463	0	264	0	3	0.37	0.718
group 1	0-100%	0	ab01993	0	264	0	4	0.37	0.718
group 1	0-100%	0	ab02293	0	264	0	3	0.37	0.718
group 1	0-100%	0	ab01853	0	264	6	6	0.37	0.718
group 1	0-100%	0	ab00872	0	264	0	2	0.37	0.718
group 1	0-100%	0	ab01060	0	264	6	5	0.37	0.718
group 1	0-100%	0	ab00132	1	264	0	1	0.37	0.718
group 1	0-100%	0	ab01631	0	264	1	4	0.37	0.718
group 1	0-100%	0	ab02327	0	264	0	4	0.37	0.718
group 1	0-100%	0	ab01057	0	264	6	5	0.37	0.718
group 1	0-100%	0	ab01568	0	264	0	2	0.37	0.718
group 1	0-100%	0	ab01250	0	264	6	3	0.37	0.718
group 1	0-100%	0	ab00079	0	264	0	1	0.37	0.718
group 1	0-100%	0	ab00968	0	264	0	3	0.37	0.718
group 1	0-100%	0	ab02460	1	264	0	5	0.37	0.718
group 1	0-100%	0	ab02123	2	264	0	1	0.37	0.718
group 1	0-100%	0	ab01849	0	264	0	4	0.37	0.718
group 1	0-100%	0	ab00179	0	264	0	3	0.37	0.718
group 1	0-100%	0	ab01907	0	264	1	0	0.37	0.718
group 1	0-100%	0	ab02039	0	264	0	5	0.37	0.718
group 1	0-100%	1	ab00094	1	264	6	5	0.37	0.718
group 1	0-100%	0	ab01327	0	264	6	5	0.37	0.718
group 1	0-100%	0	ab00852	1	264	0	0	0.37	0.718
group 1	0-100%	0	ab01222	0	264	6	4	0.37	0.718
group 1	0-100%	0	ab01977	2	264	6	6	0.37	0.718
group 1	0-100%	0	ab00651	1	264	2	4	0.37	0.718
group 1	0-100%	0	ab01569	0	264	0	2	0.37	0.718
group 1	0-100%	0	ab01770	2	264	0	1	0.37	0.718
group 1	0-100%	0	ab02046	2	264	0	2	0.37	0.718
group 1	0-100%	0	ab02323	1	264	0	3	0.37	0.718
group 1	0-100%	0	ab00345	0	264	6	4	0.37	0.718
group 1	0-100%	0	ab02078	0	264	8	5	0.37	0.718
group 1	0-100%	0	ab00619	0	264	0	5	0.37	0.718
group 1	0-100%	0	ab01245	0	264	6	3	0.37	0.718
group 1	0-100%	0	ab01275	0	264	6	7	0.37	0.718
group 1	0-100%	0	ab00127	0	264	4	6	0.37	0.718
group 1	0-100%	0	ab02008	0	264	1	4	0.37	0.718
group 1	0-100%	0	ab01535	0	264	0	4	0.37	0.718
group 1	0-100%	0	ab02178	1	264	6	6	0.37	0.718
group 1	0-100%	0	ab01656	3	264	0	1	0.37	0.718
group 1	0-100%	0	ab00025	3	264	0	5	0.37	0.718
group 1	0-100%	0	ab02058	0	264	8	9	0.37	0.718
group 1	0-100%	0	ab01673	0	264	1	3	0.37	0.718
group 1	0-100%	0	ab02326	0	264	0	3	0.37	0.718
group 1	0-100%	0	ab01773	0	264	0	3	0.37	0.718
group 1	0-100%	0	ab01407	0	264	0	4	0.37	0.718
group 1	0-100%	0	ab00020	0	264	1	5	0.37	0.718
group 1	0-100%	0	ab01025	0	264	0	4	0.37	0.718
group 1	0-100%	0	ab01953	0	264	0	2	0.37	0.718
group 1	0-100%	0	ab02076	0	264	8	6	0.37	0.718
group 1	0-100%	0	ab02461	1	264	0	5	0.37	0.718
group 1	0-100%	0	ab00001	1	264	0	3	0.37	0.718
group 1	0-100%	0	ab02065	0	264	1	3	0.37	0.718
group 1	0-100%	0	ab00381	0	264	8	6	0.37	0.718
group 1	0-100%	0	ab01355	0	264	1	0	0.37	0.718
group 1	0-100%	0	ab01302	1	264	7	5	0.37	0.718
group 1	0-100%	0	ab00493	0	264	0	3	0.37	0.718
group 1	0-100%	0	ab01906	0	264	1	0	0.37	0.718
group 1	0-100%	0	ab00030	1	264	0	2	0.37	0.718
group 1	0-100%	0	ab01253	4	264	6	13	0.37	0.718
group 1	0-100%	0	ab01585	1	264	0	4	0.37	0.718
group 1	0-100%	0	ab01589	1	264	0	0	0.37	0.718
group 1	0-100%	0	ab01892	0	264	0	4	0.37	0.718
group 1	0-100%	0	ab00026	0	264	8	6	0.37	0.718
group 1	0-100%	0	ab01089	0	264	16	7	0.37	0.718
group 1	0-100%	0	ab00722	0	264	0	3	0.37	0.718
group 1	0-100%	0	ab02075	0	264	0	5	0.37	0.718
group 1	0-100%	0	ab02177	0	264	0	4	0.37	0.718
group 1	0-100%	0	ab00769	0	264	7	6	0.37	0.718
group 2	0-100%	0	ab01899	0	2091	0	1	1.50	1.240
group 2	0-100%	0	ab01679	2	2091	0	0	1.50	1.240
group 2	0-100%	0	ab01852	0	2091	0	1	1.50	1.240
group 2	0-100%	0	ab02362	0	2091	0	1	1.50	1.240
group 2	0-100%	0	ab01375	2	2091	0	1	1.50	1.240
group 2	0-100%	0	ab01846	1	2091	0	1	1.50	1.240
group 2	0-100%	0	ab00031	1	2091	0	1	1.50	1.240
group 2	0-100%	0	ab01864	1	2091	0	1	1.50	1.240
group 2	0-100%	0	ab01020	2	2091	0	1	1.50	1.240
group 2	0-100%	0	ab00961	1	2091	0	1	1.50	1.240
group 2	0-100%	0	ab01783	0	2091	6	5	1.50	1.240
group 2	0-100%	0	ab01184	0	2091	0	1	1.50	1.240
group 2	0-100%	0	ab00652	1	2091	6	5	1.50	1.240
group 2	0-100%	0	ab01500	3	2091	0	2	1.50	1.240
group 2	0-100%	0	ab01436	2	2091	0	1	1.50	1.240
group 2	0-100%	0	ab01493	3	2091	0	1	1.50	1.240
group 2	0-100%	0	ab00081	4	2091	0	1	1.50	1.240
group 2	0-100%	0	ab02254	1	2091	0	2	1.50	1.240
group 2	0-100%	0	ab02240	2	2091	0	1	1.50	1.240
group 2	0-100%	0	ab00258	0	2091	0	1	1.50	1.240
group 2	0-100%	0	ab00858	2	2091	0	0	1.50	1.240
group 2	0-100%	0	ab01284	2	2091	0	1	1.50	1.240
group 2	0-100%	0	ab01660	3	2091	0	1	1.50	1.240
group 2	0-100%	0	ab01709	3	2091	0	1	1.50	1.240
group 2	0-100%	0	ab01692	3	2091	0	1	1.50	1.240
group 2	0-100%	0	ab00812	1	2091	0	1	1.50	1.240
group 2	0-100%	0	ab02333	0	2091	0	1	1.50	1.240
group 2	0-100%	0	ab02141	2	2091	0	1	1.50	1.240
group 2	0-100%	0	ab00340	1	2091	0	0	1.50	1.240
group 2	0-100%	0	ab01462	4	2091	0	1	1.50	1.240
group 2	0-100%	0	ab02276	1	2091	0	3	1.50	1.240
group 2	0-100%	0	ab00807	1	2091	0	0	1.50	1.240
group 2	0-100%	0	ab02109	0	2091	0	1	1.50	1.240
group 2	0-100%	0	ab00112	2	2091	0	0	1.50	1.240
group 2	0-100%	0	ab00542	0	2091	0	0	1.50	1.240
group 2	0-100%	0	ab02243	0	2091	0	1	1.50	1.240
group 2	0-100%	0	ab01278	0	2091	0	1	1.50	1.240
group 2	0-100%	0	ab01525	3	2091	0	1	1.50	1.240
group 2	0-100%	0	ab01531	4	2091	0	1	1.50	1.240
group 2	0-100%	0	ab02079	0	2091	0	1	1.50	1.240
group 2	0-100%	0	ab02433	2	2091	0	1	1.50	1.240
group 2	0-100%	0	ab00875	2	2091	0	1	1.50	1.240
group 2	0-100%	0	ab00328	1	2091	0	0	1.50	1.240
group 2	0-100%	0	ab00869	1	2091	0	1	1.50	1.240
group 2	0-100%	0	ab00271	1	2091	0	1	1.50	1.240
group 2	0-100%	0	ab00451	1	2091	0	1	1.50	1.240
group 2	0-100%	0	ab01509	3	2091	0	1	1.50	1.240
group 2	0-100%	0	ab00452	0	2091	0	0	1.50	1.240
group 2	0-100%	0	ab02097	2	2091	0	2	1.50	1.240
group 2	0-100%	0	ab00131	1	2091	0	0	1.50	1.240
group 2	0-100%	0	ab00477	1	2091	0	0	1.50	1.240
group 2	0-100%	0	ab02444	1	2091	0	0	1.50	1.240
group 2	0-100%	0	ab00668	1	2091	0	1	1.50	1.240
group 2	0-100%	0	ab01616	2	2091	0	1	1.50	1.240
group 2	0-100%	0	ab00948	2	2091	0	1	1.50	1.240
group 2	0-100%	0	ab00198	2	2091	0	0	1.50	1.240
group 2	0-100%	0	ab00075	1	2091	0	2	1.50	1.240
group 2	0-100%	0	ab01380	1	2091	0	1	1.50	1.240
group 2	0-100%	0	ab01009	1	2091	0	1	1.50	1.240
group 2	0-100%	0	ab01623	2	2091	0	1	1.50	1.240
group 2	0-100%	0	ab00915	3	2091	0	0	1.50	1.240
group 2	0-100%	0	ab02228	1	2091	0	1	1.50	1.240
group 2	0-100%	0	ab00186	3	2091	0	2	1.50	1.240
group 2	0-100%	0	ab02385	2	2091	0	3	1.50	1.240
group 2	0-100%	0	ab01919	0	2091	0	0	1.50	1.240
group 2	0-100%	0	ab00288	3	2091	0	0	1.50	1.240
group 2	0-100%	0	ab01401	3	2091	0	0	1.50	1.240
group 2	0-100%	0	ab00149	1	2091	0	1	1.50	1.240
group 2	0-100%	0	ab01969	2	2091	0	1	1.50	1.240
group 2	0-100%	0	ab00178	0	2091	0	0	1.50	1.240
group 2	0-100%	0	ab00515	0	2091	0	1	1.50	1.240
group 2	0-100%	0	ab01300	2	2091	0	1	1.50	1.240
group 2	0-100%	0	ab00750	2	2091	0	2	1.50	1.240
group 2	0-100%	0	ab00990	1	2091	0	1	1.50	1.240
group 2	0-100%	0	ab01387	1	2091	0	1	1.50	1.240
group 2	0-100%	0	ab01896	1	2091	0	1	1.50	1.240
group 2	0-100%	0	ab00642	0	2091	0	1	1.50	1.240
group 2	0-100%	0	ab02074	2	2091	0	1	1.50	1.240
group 2	0-100%	0	ab00663	0	2091	0	0	1.50	1.240
group 2	0-100%	0	ab01336	2	2091	0	0	1.50	1.240
group 2	0-100%	0	ab02298	1	2091	0	0	1.50	1.240
group 2	0-100%	0	ab00876	3	2091	0	0	1.50	1.240
group 2	0-100%	0	ab00922	2	2091	0	1	1.50	1.240
group 2	0-100%	0	ab00485	0	2091	0	1	1.50	1.240
group 2	0-100%	0	ab02129	1	2091	0	1	1.50	1.240
group 2	0-100%	0	ab01296	0	2091	0	1	1.50	1.240
group 2	0-100%	0	ab02149	2	2091	0	1	1.50	1.240
group 2	0-100%	0	ab00188	1	2091	0	2	1.50	1.240
group 2	0-100%	0	ab00460	0	2091	0	1	1.50	1.240
group 2	0-100%	0	ab01559	2	2091	0	0	1.50	1.240
group 2	0-100%	0	ab02054	3	2091	0	1	1.50	1.240
group 2	0-100%	0	ab00376	2	2091	0	0	1.50	1.240
group 2	0-100%	0	ab01529	3	2091	0	1	1.50	1.240
group 2	0-100%	0	ab00877	1	2091	0	0	1.50	1.240
group 2	0-100%	0	ab02019	0	2091	0	1	1.50	1.240
group 2	0-100%	0	ab00267	1	2091	0	1	1.50	1.240
group 2	0-100%	0	ab02052	0	2091	0	0	1.50	1.240
group 2	0-100%	0	ab01694	1	2091	0	1	1.50	1.240
group 2	0-100%	0	ab01427	3	2091	0	1	1.50	1.240
group 2	0-100%	0	ab02022	2	2091	0	1	1.50	1.240
group 2	0-100%	0	ab02422	4	2091	0	0	1.50	1.240
group 2	0-100%	0	ab01330	1	2091	0	1	1.50	1.240
group 2	0-100%	0	ab02160	0	2091	0	1	1.50	1.240
group 2	0-100%	0	ab00369	0	2091	0	1	1.50	1.240
group 2	0-100%	0	ab01767	3	2091	0	1	1.50	1.240
group 2	0-100%	0	ab00303	4	2091	0	1	1.50	1.240
group 2	0-100%	0	ab02263	0	2091	0	0	1.50	1.240
group 2	0-100%	0	ab00522	0	2091	0	1	1.50	1.240
group 2	0-100%	0	ab01291	0	2091	0	3	1.50	1.240
group 2	0-100%	0	ab00840	3	2091	0	1	1.50	1.240
group 2	0-100%	0	ab00405	1	2091	0	1	1.50	1.240
group 2	0-100%	0	ab02231	1	2091	0	1	1.50	1.240
group 2	0-100%	0	ab00842	1	2091	0	0	1.50	1.240
group 2	0-100%	0	ab00871	1	2091	0	1	1.50	1.240
group 2	0-100%	0	ab01888	0	2091	0	1	1.50	1.240
group 2	0-100%	0	ab00677	0	2091	0	0	1.50	1.240
group 2	0-100%	0	ab01276	1	2091	0	1	1.50	1.240
group 2	0-100%	0	ab01404	3	2091	0	1	1.50	1.240
group 2	0-100%	0	ab02451	0	2091	0	5	1.50	1.240
group 2	0-100%	0	ab00027	0	2091	0	1	1.50	1.240
group 2	0-100%	0	ab00024	0	2091	0	1	1.50	1.240
group 2	0-100%	0	ab01385	2	2091	0	1	1.50	1.240
group 2	0-100%	0	ab01890	2	2091	0	1	1.50	1.240
group 2	0-100%	0	ab01793	1	2091	0	0	1.50	1.240
group 2	0-100%	0	ab01299	0	2091	0	1	1.50	1.240
group 2	0-100%	0	ab01421	3	2091	0	1	1.50	1.240
group 2	0-100%	0	ab01942	1	2091	0	2	1.50	1.240
group 2	0-100%	0	ab01787	1	2091	0	0	1.50	1.240
group 2	0-100%	0	ab02394	2	2091	0	1	1.50	1.240
group 2	0-100%	0	ab01744	1	2091	0	1	1.50	1.240
group 2	0-100%	0	ab01304	0	2091	0	1	1.50	1.240
group 2	0-100%	0	ab00480	0	2091	0	2	1.50	1.240
group 2	0-100%	0	ab01202	1	2091	0	0	1.50	1.240
group 2	0-100%	0	ab02420	2	2091	0	1	1.50	1.240
group 2	0-100%	0	ab00439	0	2091	0	1	1.50	1.240
group 2	0-100%	0	ab01016	2	2091	0	0	1.50	1.240
group 2	0-100%	0	ab02431	3	2091	0	0	1.50	1.240
group 2	0-100%	0	ab01713	2	2091	0	1	1.50	1.240
group 2	0-100%	0	ab01689	3	2091	0	1	1.50	1.240
group 2	0-100%	0	ab02048	2	2091	0	1	1.50	1.240
group 2	0-100%	0	ab00659	0	2091	0	0	1.50	1.240
group 2	0-100%	0	ab00082	4	2091	0	1	1.50	1.240
group 2	0-100%	0	ab00032	4	2091	0	1	1.50	1.240
group 2	0-100%	0	ab01826	1	2091	0	0	1.50	1.240
group 2	0-100%	0	ab00067	1	2091	0	1	1.50	1.240
group 2	0-100%	0	ab01758	3	2091	0	0	1.50	1.240
group 2	0-100%	0	ab00602	0	2091	0	0	1.50	1.240
group 2	0-100%	0	ab00845	1	2091	0	1	1.50	1.240
group 2	0-100%	0	ab01262	2	2091	6	4	1.50	1.240
group 2	0-100%	0	ab02295	0	2091	6	4	1.50	1.240
group 2	0-100%	0	ab01741	2	2091	0	1	1.50	1.240
group 2	0-100%	0	ab01564	3	2091	0	1	1.50	1.240
group 2	0-100%	0	ab01455	3	2091	0	1	1.50	1.240
group 2	0-100%	0	ab01365	1	2091	0	1	1.50	1.240
group 2	0-100%	0	ab02441	2	2091	0	0	1.50	1.240
group 2	0-100%	0	ab01956	3	2091	0	1	1.50	1.240
group 2	0-100%	0	ab01916	0	2091	0	0	1.50	1.240
group 2	0-100%	0	ab00276	2	2091	0	1	1.50	1.240
group 2	0-100%	0	ab00938	3	2091	0	1	1.50	1.240
group 2	0-100%	0	ab01667	3	2091	0	1	1.50	1.240
group 2	0-100%	0	ab00524	0	2091	0	1	1.50	1.240
group 2	0-100%	0	ab02154	2	2091	0	1	1.50	1.240
group 2	0-100%	0	ab00817	1	2091	0	0	1.50	1.240
group 2	0-100%	0	ab01952	1	2091	0	2	1.50	1.240
group 2	0-100%	0	ab02380	3	2091	0	1	1.50	1.240
group 2	0-100%	0	ab01630	3	2091	0	0	1.50	1.240
group 2	0-100%	0	ab00955	2	2091	0	2	1.50	1.240
group 2	0-100%	0	ab00899	2	2091	0	0	1.50	1.240
group 2	0-100%	0	ab01507	3	2091	0	1	1.50	1.240
group 2	0-100%	0	ab01396	3	2091	0	1	1.50	1.240
group 2	0-100%	0	ab01877	0	2091	0	1	1.50	1.240
group 2	0-100%	0	ab02128	3	2091	0	1	1.50	1.240
group 2	0-100%	0	ab00319	1	2091	0	1	1.50	1.240
group 2	0-100%	0	ab02253	1	2091	0	1	1.50	1.240
group 2	0-100%	0	ab02035	2	2091	0	1	1.50	1.240
group 2	0-100%	0	ab02429	3	2091	0	0	1.50	1.240
group 2	0-100%	0	ab01368	0	2091	0	1	1.50	1.240
group 2	0-100%	0	ab01045	0	2091	0	2	1.50	1.240
group 2	0-100%	0	ab01064	2	2091	0	1	1.50	1.240
group 2	0-100%	0	ab00748	2	2091	0	0	1.50	1.240
group 2	0-100%	0	ab02137	0	2091	0	1	1.50	1.240
group 2	0-100%	0	ab00856	1	2091	0	1	1.50	1.240
group 2	0-100%	0	ab01318	0	2091	0	1	1.50	1.240
group 2	0-100%	0	ab01501	4	2091	0	1	1.50	1.240
group 2	0-100%	0	ab01678	2	2091	0	1	1.50	1.240
group 2	0-100%	0	ab00207	0	2091	0	1	1.50	1.240
group 2	0-100%	0	ab01634	2	2091	0	0	1.50	1.240
group 2	0-100%	0	ab01453	3	2091	0	1	1.50	1.240
group 2	0-100%	0	ab01618	2	2091	0	1	1.50	1.240
group 2	0-100%	0	ab01702	2	2091	0	1	1.50	1.240
group 2	0-100%	0	ab01857	2	2091	0	1	1.50	1.240
group 2	0-100%	0	ab02127	1	2091	0	1	1.50	1.240
group 2	0-100%	0	ab02145	1	2091	0	3	1.50	1.240
group 2	0-100%	0	ab02180	0	2091	0	0	1.50	1.240
group 2	0-100%	0	ab02112	3	2091	0	1	1.50	1.240
group 2	0-100%	0	ab02405	2	2091	0	0	1.50	1.240
group 2	0-100%	0	ab01708	0	2091	0	2	1.50	1.240
group 2	0-100%	0	ab00583	0	2091	0	0	1.50	1.240
group 2	0-100%	0	ab02414	2	2091	0	1	1.50	1.240
group 2	0-100%	0	ab00787	1	2091	0	0	1.50	1.240
group 2	0-100%	0	ab00101	3	2091	0	0	1.50	1.240
group 2	0-100%	0	ab01751	0	2091	0	2	1.50	1.240
group 2	0-100%	0	ab01063	2	2091	0	0	1.50	1.240
group 2	0-100%	0	ab01108	1	2091	0	2	1.50	1.240
group 2	0-100%	0	ab01536	4	2091	0	1	1.50	1.240
group 2	0-100%	0	ab00913	0	2091	0	1	1.50	1.240
group 2	0-100%	0	ab00630	1	2091	0	0	1.50	1.240
group 2	0-100%	0	ab00281	4	2091	0	1	1.50	1.240
group 2	0-100%	0	ab01463	1	2091	0	1	1.50	1.240
group 2	0-100%	0	ab00874	3	2091	0	0	1.50	1.240
group 2	0-100%	0	ab00093	1	2091	0	1	1.50	1.240
group 2	0-100%	0	ab01764	1	2091	1	1	1.50	1.240
group 2	0-100%	0	ab00421	0	2091	0	0	1.50	1.240
group 2	0-100%	0	ab02221	2	2091	0	1	1.50	1.240
group 2	0-100%	0	ab01289	1	2091	0	1	1.50	1.240
group 2	0-100%	0	ab01363	3	2091	0	2	1.50	1.240
group 2	0-100%	0	ab01472	3	2091	0	1	1.50	1.240
group 2	0-100%	0	ab01613	3	2091	0	3	1.50	1.240
group 2	0-100%	0	ab00818	2	2091	0	1	1.50	1.240
group 2	0-100%	0	ab02277	1	2091	0	3	1.50	1.240
group 2	0-100%	0	ab00924	2	2091	0	2	1.50	1.240
group 2	0-100%	0	ab01716	2	2091	0	0	1.50	1.240
group 2	0-100%	0	ab00925	1	2091	0	1	1.50	1.240
group 2	0-100%	0	ab01835	1	2091	0	1	1.50	1.240
group 2	0-100%	0	ab00626	1	2091	0	0	1.50	1.240
group 2	0-100%	0	ab00497	0	2091	0	0	1.50	1.240
group 2	0-100%	0	ab02161	4	2091	0	1	1.50	1.240
group 2	0-100%	0	ab00929	1	2091	0	1	1.50	1.240
group 2	0-100%	0	ab00606	0	2091	0	1	1.50	1.240
group 2	0-100%	0	ab00574	0	2091	0	1	1.50	1.240
group 2	0-100%	0	ab02013	0	2091	0	1	1.50	1.240
group 2	0-100%	0	ab00851	1	2091	0	0	1.50	1.240
group 2	0-100%	0	ab01710	0	2091	0	0	1.50	1.240
group 2	0-100%	0	ab01502	4	2091	0	1	1.50	1.240
group 2	0-100%	0	ab00587	0	2091	0	0	1.50	1.240
group 2	0-100%	0	ab01424	2	2091	0	0	1.50	1.240
group 2	0-100%	0	ab00291	3	2091	0	1	1.50	1.240
group 2	0-100%	0	ab00434	0	2091	0	0	1.50	1.240
group 2	0-100%	0	ab02018	2	2091	0	1	1.50	1.240
group 2	0-100%	0	ab01882	3	2091	0	2	1.50	1.240
group 2	0-100%	0	ab01671	1	2091	0	1	1.50	1.240
group 2	0-100%	0	ab00643	0	2091	0	1	1.50	1.240
group 2	0-100%	0	ab00015	1	2091	0	3	1.50	1.240
group 2	0-100%	0	ab02044	2	2091	0	1	1.50	1.240
group 2	0-100%	0	ab01806	2	2091	0	3	1.50	1.240
group 2	0-100%	0	ab00447	0	2091	0	0	1.50	1.240
group 2	0-100%	0	ab01022	2	2091	0	1	1.50	1.240
group 2	0-100%	0	ab00256	0	2091	0	1	1.50	1.240
group 2	0-100%	0	ab01499	4	2091	0	1	1.50	1.240
group 2	0-100%	0	ab02064	3	2091	0	1	1.50	1.240
group 2	0-100%	0	ab01703	1	2091	0	0	1.50	1.240
group 2	0-100%	0	ab00406	1	2091	0	2	1.50	1.240
group 2	0-100%	0	ab01037	3	2091	0	1	1.50	1.240
group 2	0-100%	0	ab02055	4	2091	0	1	1.50	1.240
group 2	0-100%	0	ab02423	2	2091	0	0	1.50	1.240
group 2	0-100%	0	ab02389	1	2091	0	0	1.50	1.240
group 2	0-100%	0	ab02007	1	2091	0	1	1.50	1.240
group 2	0-100%	0	ab01371	3	2091	0	2	1.50	1.240
group 2	0-100%	0	ab01617	2	2091	0	1	1.50	1.240
group 2	0-100%	0	ab00450	0	2091	0	2	1.50	1.240
group 2	0-100%	0	ab00945	1	2091	0	0	1.50	1.240
group 2	0-100%	0	ab00023	3	2091	0	1	1.50	1.240
group 2	0-100%	0	ab01698	3	2091	0	0	1.50	1.240
group 2	0-100%	0	ab00721	1	2091	0	3	1.50	1.240
group 2	0-100%	0	ab01746	3	2091	0	1	1.50	1.240
group 2	0-100%	0	ab00702	1	2091	0	0	1.50	1.240
group 2	0-100%	0	ab01991	0	2091	0	1	1.50	1.240
group 2	0-100%	0	ab01087	2	2091	0	2	1.50	1.240
group 2	0-100%	0	ab02089	0	2091	0	0	1.50	1.240
group 2	0-100%	0	ab00490	1	2091	0	1	1.50	1.240
group 2	0-100%	0	ab01334	2	2091	0	1	1.50	1.240
group 2	0-100%	0	ab01866	3	2091	0	1	1.50	1.240
group 2	0-100%	0	ab01520	3	2091	0	1	1.50	1.240
group 2	0-100%	0	ab01720	3	2091	0	2	1.50	1.240
group 2	0-100%	0	ab00194	1	2091	0	1	1.50	1.240
group 2	0-100%	0	ab01685	1	2091	1	1	1.50	1.240
group 2	0-100%	0	ab02001	3	2091	0	0	1.50	1.240
group 2	0-100%	0	ab00638	1	2091	0	1	1.50	1.240
group 2	0-100%	0	ab01527	4	2091	0	1	1.50	1.240
group 2	0-100%	0	ab01649	1	2091	1	1	1.50	1.240
group 2	0-100%	0	ab00190	1	2091	0	2	1.50	1.240
group 2	0-100%	0	ab00496	0	2091	0	1	1.50	1.240
group 2	0-100%	0	ab02020	1	2091	0	1	1.50	1.240
group 2	0-100%	0	ab00531	1	2091	0	1	1.50	1.240
group 2	0-100%	0	ab01600	0	2091	0	0	1.50	1.240
group 2	0-100%	0	ab02266	0	2091	0	0	1.50	1.240
group 2	0-100%	0	ab00597	0	2091	0	1	1.50	1.240
group 2	0-100%	0	ab02166	2	2091	0	1	1.50	1.240
group 2	0-100%	0	ab02424	2	2091	0	0	1.50	1.240
group 2	0-100%	0	ab00598	1	2091	0	0	1.50	1.240
group 2	0-100%	0	ab02336	2	2091	0	1	1.50	1.240
group 2	0-100%	0	ab00562	1	2091	0	1	1.50	1.240
group 2	0-100%	0	ab01431	0	2091	0	1	1.50	1.240
group 2	0-100%	0	ab00811	0	2091	0	1	1.50	1.240
group 2	0-100%	0	ab00863	1	2091	0	1	1.50	1.240
group 2	0-100%	0	ab02080	2	2091	0	1	1.50	1.240
group 2	0-100%	0	ab02068	1	2091	0	1	1.50	1.240
group 2	0-100%	0	ab01954	3	2091	0	1	1.50	1.240
group 2	0-100%	0	ab00868	1	2091	0	0	1.50	1.240
group 2	0-100%	0	ab00911	0	2091	0	1	1.50	1.240
group 2	0-100%	0	ab02341	2	2091	0	1	1.50	1.240
group 2	0-100%	0	ab00263	3	2091	0	1	1.50	1.240
group 2	0-100%	0	ab02398	3	2091	0	0	1.50	1.240
group 2	0-100%	0	ab00823	1	2091	0	0	1.50	1.240
group 2	0-100%	0	ab02105	1	2091	0	1	1.50	1.240
group 2	0-100%	0	ab02121	3	2091	0	1	1.50	1.240
group 2	0-100%	0	ab01917	0	2091	0	1	1.50	1.240
group 2	0-100%	0	ab01707	0	2091	0	1	1.50	1.240
group 2	0-100%	0	ab00907	0	2091	0	1	1.50	1.240
group 2	0-100%	0	ab02281	1	2091	0	1	1.50	1.240
group 2	0-100%	0	ab00415	0	2091	0	1	1.50	1.240
group 2	0-100%	0	ab02430	3	2091	0	0	1.50	1.240
group 2	0-100%	0	ab02442	3	2091	0	0	1.50	1.240
group 2	0-100%	0	ab00909	3	2091	0	0	1.50	1.240
group 2	0-100%	0	ab01477	3	2091	0	2	1.50	1.240
group 2	0-100%	0	ab00900	0	2091	0	0	1.50	1.240
group 2	0-100%	0	ab00678	0	2091	0	0	1.50	1.240
group 2	0-100%	0	ab01784	1	2091	6	4	1.50	1.240
group 2	0-100%	0	ab02410	3	2091	0	0	1.50	1.240
group 2	0-100%	0	ab02382	1	2091	0	0	1.50	1.240
group 2	0-100%	0	ab02379	1	2091	0	0	1.50	1.240
group 2	0-100%	0	ab01521	2	2091	0	1	1.50	1.240
group 2	0-100%	0	ab02150	4	2091	0	1	1.50	1.240
group 2	0-100%	0	ab00142	1	2091	0	2	1.50	1.240
group 2	0-100%	0	ab02096	1	2091	0	1	1.50	1.240
group 2	0-100%	0	ab00831	1	2091	0	1	1.50	1.240
group 2	0-100%	0	ab02010	3	2091	0	1	1.50	1.240
group 2	0-100%	0	ab02147	3	2091	0	1	1.50	1.240
group 2	0-100%	0	ab00365	0	2091	0	0	1.50	1.240
group 2	0-100%	0	ab00573	0	2091	0	1	1.50	1.240
group 2	0-100%	0	ab00826	4	2091	0	0	1.50	1.240
group 2	0-100%	0	ab01497	3	2091	0	1	1.50	1.240
group 2	0-100%	0	ab02173	3	2091	0	1	1.50	1.240
group 2	0-100%	0	ab02245	2	2091	0	1	1.50	1.240
group 2	0-100%	0	ab00147	1	2091	0	1	1.50	1.240
group 2	0-100%	0	ab00535	0	2091	0	1	1.50	1.240
group 2	0-100%	0	ab00217	3	2091	0	1	1.50	1.240
group 2	0-100%	0	ab02418	3	2091	0	1	1.50	1.240
group 2	0-100%	0	ab01848	1	2091	0	1	1.50	1.240
group 2	0-100%	0	ab00850	2	2091	0	0	1.50	1.240
group 2	0-100%	0	ab02280	0	2091	0	2	1.50	1.240
group 2	0-100%	0	ab00165	0	2091	0	3	1.50	1.240
group 2	0-100%	0	ab01859	0	2091	0	1	1.50	1.240
group 2	0-100%	0	ab02041	2	2091	0	1	1.50	1.240
group 2	0-100%	0	ab01897	2	2091	0	1	1.50	1.240
group 2	0-100%	0	ab01293	0	2091	0	0	1.50	1.240
group 2	0-100%	0	ab00607	0	2091	0	0	1.50	1.240
group 2	0-100%	0	ab01460	2	2091	0	1	1.50	1.240
group 2	0-100%	0	ab01876	0	2091	0	1	1.50	1.240
group 2	0-100%	0	ab01850	3	2091	0	1	1.50	1.240
group 2	0-100%	0	ab00157	0	2091	0	1	1.50	1.240
group 2	0-100%	0	ab02098	4	2091	0	2	1.50	1.240
group 2	0-100%	0	ab01373	2	2091	0	0	1.50	1.240
group 2	0-100%	0	ab02436	3	2091	0	0	1.50	1.240
group 2	0-100%	0	ab00687	0	2091	0	3	1.50	1.240
group 2	0-100%	0	ab01974	3	2091	0	1	1.50	1.240
group 2	0-100%	0	ab01325	0	2091	0	2	1.50	1.240
group 2	0-100%	0	ab02270	1	2091	0	1	1.50	1.240
group 2	0-100%	0	ab01512	3	2091	0	1	1.50	1.240
group 2	0-100%	0	ab01657	3	2091	0	2	1.50	1.240
group 2	0-100%	0	ab00839	3	2091	0	1	1.50	1.240
group 2	0-100%	0	ab01467	4	2091	0	0	1.50	1.240
group 2	0-100%	0	ab01722	1	2091	1	1	1.50	1.240
group 2	0-100%	0	ab02107	0	2091	0	1	1.50	1.240
group 2	0-100%	0	ab00581	0	2091	0	1	1.50	1.240
group 2	0-100%	0	ab02159	1	2091	0	0	1.50	1.240
group 2	0-100%	0	ab00843	1	2091	0	1	1.50	1.240
group 2	0-100%	0	ab00934	1	2091	0	1	1.50	1.240
group 2	0-100%	0	ab02269	1	2091	0	3	1.50	1.240
group 2	0-100%	0	ab00995	0	2091	0	2	1.50	1.240
group 2	0-100%	0	ab00921	3	2091	0	0	1.50	1.240
group 2	0-100%	0	ab00611	0	2091	0	0	1.50	1.240
group 2	0-100%	0	ab01886	1	2091	0	3	1.50	1.240
group 2	0-100%	0	ab01834	0	2091	0	1	1.50	1.240
group 2	0-100%	0	ab01999	2	2091	0	1	1.50	1.240
group 2	0-100%	0	ab01378	1	2091	0	1	1.50	1.240
group 2	0-100%	0	ab02157	0	2091	0	1	1.50	1.240
group 2	0-100%	0	ab01410	3	2091	0	1	1.50	1.240
group 2	0-100%	0	ab02264	1	2091	0	2	1.50	1.240
group 2	0-100%	0	ab00861	3	2091	0	1	1.50	1.240
group 2	0-100%	0	ab01491	3	2091	0	1	1.50	1.240
group 2	0-100%	0	ab02374	0	2091	0	1	1.50	1.240
group 2	0-100%	0	ab01718	0	2091	0	2	1.50	1.240
group 2	0-100%	0	ab02043	2	2091	0	1	1.50	1.240
group 2	0-100%	0	ab02168	0	2091	0	1	1.50	1.240
group 2	0-100%	0	ab01789	1	2091	0	0	1.50	1.240
group 2	0-100%	0	ab00494	1	2091	0	0	1.50	1.240
group 2	0-100%	0	ab00629	1	2091	0	1	1.50	1.240
group 2	0-100%	0	ab01687	2	2091	0	0	1.50	1.240
group 2	0-100%	0	ab00709	0	2091	0	0	1.50	1.240
group 2	0-100%	0	ab01760	2	2091	0	3	1.50	1.240
group 2	0-100%	0	ab00974	1	2091	0	0	1.50	1.240
group 2	0-100%	0	ab02408	2	2091	0	1	1.50	1.240
group 2	0-100%	0	ab00771	2	2091	0	1	1.50	1.240
group 2	0-100%	0	ab02113	0	2091	0	1	1.50	1.240
group 2	0-100%	0	ab01470	4	2091	0	2	1.50	1.240
group 2	0-100%	0	ab01362	1	2091	0	0	1.50	1.240
group 2	0-100%	0	ab01429	3	2091	0	1	1.50	1.240
group 2	0-100%	0	ab00507	0	2091	0	1	1.50	1.240
group 2	0-100%	0	ab01379	3	2091	0	1	1.50	1.240
group 2	0-100%	0	ab01986	2	2091	0	1	1.50	1.240
group 2	0-100%	0	ab00951	2	2091	0	1	1.50	1.240
group 2	0-100%	0	ab01900	0	2091	0	2	1.50	1.240
group 2	0-100%	0	ab01676	3	2091	0	3	1.50	1.240
group 2	0-100%	0	ab01281	1	2091	0	1	1.50	1.240
group 2	0-100%	0	ab02108	0	2091	0	2	1.50	1.240
group 2	0-100%	0	ab00533	1	2091	0	0	1.50	1.240
group 2	0-100%	0	ab02432	3	2091	0	1	1.50	1.240
group 2	0-100%	0	ab01983	2	2091	0	1	1.50	1.240
group 2	0-100%	0	ab00654	0	2091	0	1	1.50	1.240
group 2	0-100%	0	ab01277	0	2091	0	1	1.50	1.240
group 2	0-100%	0	ab00280	5	2091	0	1	1.50	1.240
group 2	0-100%	0	ab00791	1	2091	0	1	1.50	1.240
group 2	0-100%	0	ab00894	0	2091	0	1	1.50	1.240
group 2	0-100%	0	ab01292	2	2091	0	0	1.50	1.240
group 2	0-100%	0	ab01366	1	2091	0	0	1.50	1.240
group 2	0-100%	0	ab01851	3	2091	0	1	1.50	1.240
group 2	0-100%	0	ab01279	1	2091	0	1	1.50	1.240
group 2	0-100%	0	ab01445	2	2091	0	1	1.50	1.240
group 2	0-100%	0	ab02247	2	2091	0	1	1.50	1.240
group 2	0-100%	0	ab01545	4	2091	0	2	1.50	1.240
group 2	0-100%	0	ab01752	1	2091	0	2	1.50	1.240
group 2	0-100%	0	ab01391	3	2091	0	1	1.50	1.240
group 2	0-100%	0	ab01316	1	2091	0	2	1.50	1.240
group 2	0-100%	0	ab02446	1	2091	0	0	1.50	1.240
group 2	0-100%	0	ab00226	2	2091	0	1	1.50	1.240
group 2	0-100%	0	ab00830	1	2091	0	0	1.50	1.240
group 2	0-100%	0	ab00737	1	2091	0	2	1.50	1.240
group 2	0-100%	0	ab00514	0	2091	0	0	1.50	1.240
group 2	0-100%	0	ab01285	0	2091	0	1	1.50	1.240
group 2	0-100%	0	ab01745	3	2091	0	1	1.50	1.240
group 2	0-100%	0	ab00080	2	2091	0	1	1.50	1.240
group 2	0-100%	0	ab01481	3	2091	0	1	1.50	1.240
group 2	0-100%	0	ab01505	4	2091	0	1	1.50	1.240
group 2	0-100%	0	ab00162	2	2091	0	0	1.50	1.240
group 2	0-100%	0	ab00565	1	2091	0	0	1.50	1.240
group 2	0-100%	0	ab00479	0	2091	0	1	1.50	1.240
group 2	0-100%	0	ab00928	0	2091	0	0	1.50	1.240
group 2	0-100%	0	ab00245	0	2091	0	0	1.50	1.240
group 2	0-100%	0	ab00914	4	2091	0	1	1.50	1.240
group 2	0-100%	0	ab00160	0	2091	0	0	1.50	1.240
group 2	0-100%	0	ab00138	1	2091	0	1	1.50	1.240
group 2	0-100%	0	ab01126	0	2091	0	2	1.50	1.240
group 2	0-100%	0	ab00498	0	2091	0	1	1.50	1.240
group 2	0-100%	0	ab01542	4	2091	0	1	1.50	1.240
group 2	0-100%	0	ab01665	2	2091	0	1	1.50	1.240
group 2	0-100%	0	ab01399	3	2091	0	1	1.50	1.240
group 2	0-100%	0	ab01735	1	2091	1	1	1.50	1.240
group 2	0-100%	0	ab00912	0	2091	0	1	1.50	1.240
group 2	0-100%	0	ab01614	3	2091	0	0	1.50	1.240
group 2	0-100%	0	ab01484	2	2091	0	1	1.50	1.240
group 2	0-100%	0	ab02358	0	2091	0	1	1.50	1.240
group 2	0-100%	0	ab02153	0	2091	0	1	1.50	1.240
group 2	0-100%	0	ab00752	1	2091	0	3	1.50	1.240
group 2	0-100%	0	ab00155	0	2091	0	1	1.50	1.240
group 2	0-100%	0	ab00932	2	2091	0	1	1.50	1.240
group 2	0-100%	0	ab01014	3	2091	0	1	1.50	1.240
group 2	0-100%	0	ab00608	0	2091	0	1	1.50	1.240
group 2	0-100%	0	ab01494	3	2091	0	0	1.50	1.240
group 2	0-100%	0	ab01620	3	2091	0	0	1.50	1.240
group 2	0-100%	0	ab00949	1	2091	0	0	1.50	1.240
group 2	0-100%	0	ab00443	0	2091	0	2	1.50	1.240
group 2	0-100%	0	ab00307	1	2091	0	0	1.50	1.240
group 2	0-100%	0	ab01914	1	2091	0	0	1.50	1.240
group 2	0-100%	0	ab01837	3	2091	0	1	1.50	1.240
group 2	0-100%	0	ab01381	3	2091	0	0	1.50	1.240
group 2	0-100%	0	ab01719	0	2091	0	2	1.50	1.240
group 2	0-100%	0	ab01714	3	2091	0	0	1.50	1.240
group 2	0-100%	0	ab00488	1	2091	0	1	1.50	1.240
group 2	0-100%	0	ab02169	3	2091	0	1	1.50	1.240
group 2	0-100%	0	ab00411	0	2091	0	2	1.50	1.240
group 2	0-100%	0	ab00731	1	2091	0	2	1.50	1.240
group 2	0-100%	0	ab01416	3	2091	0	1	1.50	1.240
group 2	0-100%	0	ab01442	3	2091	0	0	1.50	1.240
group 2	0-100%	0	ab00423	0	2091	0	0	1.50	1.240
group 2	0-100%	0	ab01054	2	2091	0	0	1.50	1.240
group 2	0-100%	0	ab01464	3	2091	0	2	1.50	1.240
group 2	0-100%	0	ab00878	1	2091	0	0	1.50	1.240
group 2	0-100%	0	ab00539	1	2091	0	1	1.50	1.240
group 2	0-100%	0	ab02344	1	2091	0	0	1.50	1.240
group 2	0-100%	0	ab01747	0	2091	0	2	1.50	1.240
group 2	0-100%	0	ab01269	1	2091	0	1	1.50	1.240
group 2	0-100%	0	ab00627	1	2091	0	0	1.50	1.240
group 2	0-100%	0	ab02204	0	2091	0	1	1.50	1.240
group 2	0-100%	0	ab01340	1	2091	0	1	1.50	1.240
group 2	0-100%	0	ab01725	1	2091	0	0	1.50	1.240
group 2	0-100%	0	ab00053	0	2091	0	4	1.50	1.240
group 2	0-100%	0	ab00847	1	2091	0	1	1.50	1.240
group 2	0-100%	0	ab01423	3	2091	0	1	1.50	1.240
group 2	0-100%	0	ab02111	2	2091	0	1	1.50	1.240
group 2	0-100%	0	ab01395	3	2091	0	1	1.50	1.240
group 2	0-100%	0	ab02334	0	2091	0	1	1.50	1.240
group 2	0-100%	0	ab01838	0	2091	0	1	1.50	1.240
group 2	0-100%	0	ab01160	1	2091	0	2	1.50	1.240
group 2	0-100%	0	ab00042	0	2091	0	1	1.50	1.240
group 2	0-100%	0	ab01556	2	2091	0	1	1.50	1.240
group 2	0-100%	0	ab01869	3	2091	0	1	1.50	1.240
group 2	0-100%	0	ab01831	0	2091	0	1	1.50	1.240
group 2	0-100%	0	ab02426	3	2091	0	0	1.50	1.240
group 2	0-100%	0	ab01883	1	2091	0	2	1.50	1.240
group 2	0-100%	0	ab01727	2	2091	0	1	1.50	1.240
group 2	0-100%	0	ab00718	1	2091	0	0	1.50	1.240
group 2	0-100%	0	ab01382	2	2091	0	1	1.50	1.240
group 2	0-100%	0	ab01010	3	2091	0	0	1.50	1.240
group 2	0-100%	0	ab02031	2	2091	0	1	1.50	1.240
group 2	0-100%	0	ab01537	3	2091	0	1	1.50	1.240
group 2	0-100%	0	ab00880	2	2091	0	1	1.50	1.240
group 2	0-100%	0	ab01661	2	2091	1	2	1.50	1.240
group 2	0-100%	0	ab01733	1	2091	0	0	1.50	1.240
group 2	0-100%	0	ab00984	1	2091	0	0	1.50	1.240
group 2	0-100%	0	ab01691	2	2091	0	1	1.50	1.240
group 2	0-100%	0	ab01688	2	2091	0	1	1.50	1.240
group 2	0-100%	0	ab02226	1	2091	0	0	1.50	1.240
group 2	0-100%	0	ab00466	1	2091	0	1	1.50	1.240
group 2	0-100%	0	ab01622	2	2091	0	1	1.50	1.240
group 2	0-100%	0	ab01753	0	2091	0	2	1.50	1.240
group 2	0-100%	0	ab01684	2	2091	0	3	1.50	1.240
group 2	0-100%	0	ab01639	5	2091	0	1	1.50	1.240
group 2	0-100%	0	ab01854	3	2091	0	1	1.50	1.240
group 2	0-100%	0	ab00941	2	2091	0	1	1.50	1.240
group 2	0-100%	0	ab00576	0	2091	0	1	1.50	1.240
group 2	0-100%	0	ab02390	2	2091	0	1	1.50	1.240
group 2	0-100%	0	ab02421	2	2091	0	1	1.50	1.240
group 2	0-100%	0	ab01893	2	2091	0	1	1.50	1.240
group 2	0-100%	0	ab00187	3	2091	0	2	1.50	1.240
group 2	0-100%	0	ab00530	0	2091	0	0	1.50	1.240
group 2	0-100%	0	ab01889	3	2091	0	2	1.50	1.240
group 2	0-100%	0	ab00255	2	2091	0	1	1.50	1.240
group 2	0-100%	0	ab00123	0	2091	0	1	1.50	1.240
group 2	0-100%	0	ab02155	2	2091	0	1	1.50	1.240
group 2	0-100%	0	ab00902	1	2091	0	0	1.50	1.240
group 2	0-100%	0	ab01035	2	2091	0	2	1.50	1.240
group 2	0-100%	0	ab00969	3	2091	0	0	1.50	1.240
group 2	0-100%	0	ab00523	0	2091	0	1	1.50	1.240
group 2	0-100%	0	ab02170	2	2091	0	1	1.50	1.240
group 2	0-100%	0	ab01944	1	2091	0	1	1.50	1.240
group 2	0-100%	0	ab00813	2	2091	0	0	1.50	1.240
group 2	0-100%	0	ab00873	1	2091	0	1	1.50	1.240
group 2	0-100%	0	ab01750	2	2091	0	1	1.50	1.240
group 2	0-100%	0	ab01492	3	2091	0	1	1.50	1.240
group 2	0-100%	0	ab00253	2	2091	0	0	1.50	1.240
group 2	0-100%	0	ab00359	1	2091	0	0	1.50	1.240
group 2	0-100%	0	ab00148	4	2091	0	1	1.50	1.240
group 2	0-100%	0	ab00517	0	2091	0	0	1.50	1.240
group 2	0-100%	0	ab00664	0	2091	0	0	1.50	1.240
group 2	0-100%	0	ab01734	2	2091	0	1	1.50	1.240
group 2	0-100%	0	ab02384	2	2091	0	0	1.50	1.240
group 2	0-100%	0	ab00564	0	2091	0	1	1.50	1.240
group 2	0-100%	0	ab01662	1	2091	0	1	1.50	1.240
group 2	0-100%	0	ab01406	2	2091	0	1	1.50	1.240
group 2	0-100%	0	ab00884	3	2091	0	1	1.50	1.240
group 2	0-100%	0	ab00575	1	2091	0	1	1.50	1.240
group 2	0-100%	0	ab01446	3	2091	0	1	1.50	1.240
group 2	0-100%	0	ab00163	1	2091	0	1	1.50	1.240
group 2	0-100%	0	ab00470	0	2091	0	0	1.50	1.240
group 2	0-100%	0	ab02237	1	2091	0	1	1.50	1.240
group 2	0-100%	0	ab00182	1	2091	6	6	1.50	1.240
group 2	0-100%	0	ab01452	4	2091	0	1	1.50	1.240
group 2	0-100%	0	ab01466	3	2091	0	1	1.50	1.240
group 2	0-100%	0	ab01641	2	2091	0	1	1.50	1.240
group 2	0-100%	0	ab02042	0	2091	0	1	1.50	1.240
group 2	0-100%	0	ab00962	2	2091	0	0	1.50	1.240
group 2	0-100%	0	ab02427	3	2091	0	1	1.50	1.240
group 2	0-100%	0	ab00503	0	2091	0	0	1.50	1.240
group 2	0-100%	0	ab01705	2	2091	0	1	1.50	1.240
group 2	0-100%	0	ab01018	2	2091	0	1	1.50	1.240
group 2	0-100%	0	ab02238	2	2091	0	1	1.50	1.240
group 2	0-100%	0	ab01704	0	2091	0	2	1.50	1.240
group 2	0-100%	0	ab00306	0	2091	0	0	1.50	1.240
group 2	0-100%	0	ab00481	0	2091	0	1	1.50	1.240
group 2	0-100%	0	ab00231	1	2091	0	0	1.50	1.240
group 2	0-100%	0	ab01544	3	2091	0	2	1.50	1.240
group 2	0-100%	0	ab02220	2	2091	0	1	1.50	1.240
group 2	0-100%	0	ab00404	0	2091	0	1	1.50	1.240
group 2	0-100%	0	ab01573	2	2091	0	1	1.50	1.240
group 2	0-100%	0	ab00956	2	2091	0	0	1.50	1.240
group 2	0-100%	0	ab01488	0	2091	0	0	1.50	1.240
group 2	0-100%	0	ab01516	4	2091	0	1	1.50	1.240
group 2	0-100%	0	ab01485	3	2091	0	1	1.50	1.240
group 2	0-100%	0	ab00236	1	2091	0	1	1.50	1.240
group 2	0-100%	0	ab01989	3	2091	0	1	1.50	1.240
group 2	0-100%	0	ab00634	0	2091	0	0	1.50	1.240
group 2	0-100%	0	ab00224	1	2091	0	1	1.50	1.240
group 2	0-100%	0	ab01134	2	2091	0	1	1.50	1.240
group 2	0-100%	0	ab01333	2	2091	0	1	1.50	1.240
group 2	0-100%	0	ab02227	1	2091	0	0	1.50	1.240
group 2	0-100%	0	ab00471	0	2091	0	0	1.50	1.240
group 2	0-100%	0	ab00891	2	2091	0	2	1.50	1.240
group 2	0-100%	0	ab00920	2	2091	0	0	1.50	1.240
group 2	0-100%	0	ab00051	0	2091	0	0	1.50	1.240
group 2	0-100%	0	ab00453	0	2091	0	1	1.50	1.240
group 2	0-100%	0	ab00885	3	2091	0	2	1.50	1.240
group 2	0-100%	0	ab00933	4	2091	0	1	1.50	1.240
group 2	0-100%	0	ab02126	4	2091	0	2	1.50	1.240
group 2	0-100%	0	ab01310	1	2091	0	2	1.50	1.240
group 2	0-100%	0	ab02156	4	2091	0	1	1.50	1.240
group 2	0-100%	0	ab01732	1	2091	0	1	1.50	1.240
group 2	0-100%	0	ab01913	2	2091	0	1	1.50	1.240
group 2	0-100%	0	ab02399	1	2091	0	1	1.50	1.240
group 2	0-100%	0	ab01700	3	2091	0	1	1.50	1.240
group 2	0-100%	0	ab00115	1	2091	6	6	1.50	1.240
group 2	0-100%	0	ab00525	1	2091	0	0	1.50	1.240
group 2	0-100%	0	ab01447	3	2091	0	0	1.50	1.240
group 2	0-100%	0	ab01419	3	2091	0	1	1.50	1.240
group 2	0-100%	0	ab00836	4	2091	0	1	1.50	1.240
group 2	0-100%	0	ab00394	1	2091	0	1	1.50	1.240
group 2	0-100%	0	ab00725	1	2091	0	1	1.50	1.240
group 2	0-100%	0	ab00385	2	2091	0	0	1.50	1.240
group 2	0-100%	0	ab01432	2	2091	0	1	1.50	1.240
group 2	0-100%	0	ab01112	1	2091	0	2	1.50	1.240
group 2	0-100%	0	ab02425	3	2091	0	0	1.50	1.240
group 2	0-100%	0	ab02164	2	2091	0	1	1.50	1.240
group 2	0-100%	0	ab02004	2	2091	0	1	1.50	1.240
group 2	0-100%	0	ab00538	0	2091	0	0	1.50	1.240
group 2	0-100%	0	ab00983	3	2091	0	1	1.50	1.240
group 2	0-100%	0	ab01451	3	2091	0	1	1.50	1.240
group 2	0-100%	0	ab01723	0	2091	0	2	1.50	1.240
group 2	0-100%	0	ab02259	1	2091	0	1	1.50	1.240
group 2	0-100%	0	ab02415	2	2091	0	1	1.50	1.240
group 2	0-100%	0	ab00223	2	2091	0	1	1.50	1.240
group 2	0-100%	0	ab02262	1	2091	0	0	1.50	1.240
group 2	0-100%	0	ab00610	0	2091	0	0	1.50	1.240
group 2	0-100%	0	ab00957	3	2091	0	0	1.50	1.240
group 2	0-100%	0	ab01369	2	2091	0	1	1.50	1.240
group 2	0-100%	0	ab00540	0	2091	0	1	1.50	1.240
group 2	0-100%	0	ab01562	3	2091	0	1	1.50	1.240
group 2	0-100%	0	ab00039	0	2091	0	0	1.50	1.240
group 2	0-100%	0	ab02337	2	2091	0	4	1.50	1.240
group 2	0-100%	0	ab01990	3	2091	0	1	1.50	1.240
group 2	0-100%	0	ab00824	1	2091	0	1	1.50	1.240
group 2	0-100%	0	ab00809	1	2091	0	0	1.50	1.240
group 2	0-100%	0	ab01454	3	2091	0	1	1.50	1.240
group 2	0-100%	0	ab00462	0	2091	0	1	1.50	1.240
group 2	0-100%	0	ab00584	0	2091	0	1	1.50	1.240
group 2	0-100%	0	ab00578	0	2091	0	1	1.50	1.240
group 2	0-100%	0	ab01740	0	2091	0	2	1.50	1.240
group 2	0-100%	0	ab00970	3	2091	0	0	1.50	1.240
group 2	0-100%	0	ab00579	1	2091	0	1	1.50	1.240
group 2	0-100%	0	ab02116	2	2091	0	1	1.50	1.240
group 2	0-100%	0	ab00211	1	2091	0	0	1.50	1.240
group 2	0-100%	0	ab00810	0	2091	0	0	1.50	1.240
group 2	0-100%	0	ab01128	0	2091	0	1	1.50	1.240
group 2	0-100%	0	ab01065	3	2091	0	1	1.50	1.240
group 2	0-100%	0	ab00420	0	2091	0	1	1.50	1.240
group 2	0-100%	0	ab00159	0	2091	0	0	1.50	1.240
group 2	0-100%	0	ab00882	3	2091	0	0	1.50	1.240
group 2	0-100%	0	ab02391	2	2091	0	0	1.50	1.240
group 2	0-100%	0	ab00952	3	2091	0	1	1.50	1.240
group 2	0-100%	0	ab00994	0	2091	0	2	1.50	1.240
group 2	0-100%	0	ab01638	2	2091	0	0	1.50	1.240
group 2	0-100%	0	ab00799	1	2091	0	1	1.50	1.240
group 2	0-100%	0	ab00464	0	2091	0	0	1.50	1.240
group 2	0-100%	0	ab01034	3	2091	0	1	1.50	1.240
group 2	0-100%	0	ab02118	1	2091	0	1	1.50	1.240
group 2	0-100%	0	ab01388	3	2091	0	1	1.50	1.240
group 2	0-100%	0	ab00978	1	2091	0	0	1.50	1.240
group 2	0-100%	0	ab02377	3	2091	0	1	1.50	1.240
group 2	0-100%	0	ab02404	2	2091	0	0	1.50	1.240
group 2	0-100%	0	ab00090	1	2091	0	1	1.50	1.240
group 2	0-100%	0	ab01561	2	2091	0	0	1.50	1.240
group 2	0-100%	0	ab00661	0	2091	0	0	1.50	1.240
group 2	0-100%	0	ab01957	2	2091	0	1	1.50	1.240
group 2	0-100%	0	ab00943	0	2091	0	1	1.50	1.240
group 2	0-100%	0	ab01580	2	2091	0	1	1.50	1.240
group 2	0-100%	0	ab01552	2	2091	0	1	1.50	1.240
group 2	0-100%	0	ab01624	1	2091	0	1	1.50	1.240
group 2	0-100%	0	ab00804	1	2091	0	0	1.50	1.240
group 2	0-100%	0	ab00751	1	2091	0	0	1.50	1.240
group 2	0-100%	0	ab01012	4	2091	0	0	1.50	1.240
group 2	0-100%	0	ab00864	2	2091	0	1	1.50	1.240
group 2	0-100%	0	ab01078	1	2091	0	2	1.50	1.240
group 2	0-100%	0	ab01795	0	2091	0	1	1.50	1.240
group 2	0-100%	0	ab00070	2	2091	0	3	1.50	1.240
group 2	0-100%	0	ab01901	5	2091	0	1	1.50	1.240
group 2	0-100%	0	ab01523	3	2091	0	1	1.50	1.240
group 2	0-100%	0	ab02258	1	2091	0	2	1.50	1.240
group 2	0-100%	0	ab00660	0	2091	0	1	1.50	1.240
group 2	0-100%	0	ab02413	3	2091	0	2	1.50	1.240
group 2	0-100%	0	ab00097	2	2091	0	2	1.50	1.240
group 2	0-100%	0	ab00832	0	2091	0	1	1.50	1.240
group 2	0-100%	0	ab01884	2	2091	0	1	1.50	1.240
group 2	0-100%	0	ab01026	4	2091	0	2	1.50	1.240
group 2	0-100%	0	ab01482	2	2091	0	1	1.50	1.240
group 2	0-100%	0	ab01539	4	2091	0	1	1.50	1.240
group 2	0-100%	0	ab02014	0	2091	0	1	1.50	1.240
group 2	0-100%	0	ab00506	0	2091	0	1	1.50	1.240
group 2	0-100%	0	ab01426	3	2091	0	1	1.50	1.240
group 2	0-100%	0	ab01695	3	2091	0	1	1.50	1.240
group 2	0-100%	0	ab01549	2	2091	0	1	1.50	1.240
group 2	0-100%	0	ab00964	0	2091	0	1	1.50	1.240
group 2	0-100%	0	ab02272	0	2091	0	4	1.50	1.240
group 2	0-100%	0	ab00304	2	2091	0	1	1.50	1.240
group 2	0-100%	0	ab00996	0	2091	0	1	1.50	1.240
group 2	0-100%	0	ab01307	0	2091	6	7	1.50	1.240
group 2	0-100%	0	ab01056	0	2091	0	1	1.50	1.240
group 2	0-100%	0	ab01393	1	2091	0	1	1.50	1.240
group 2	0-100%	0	ab01739	0	2091	0	2	1.50	1.240
group 2	0-100%	0	ab01786	0	2091	0	1	1.50	1.240
group 2	0-100%	0	ab01397	3	2091	0	1	1.50	1.240
group 2	0-100%	0	ab02402	2	2091	0	1	1.50	1.240
group 2	0-100%	0	ab00828	1	2091	0	1	1.50	1.240
group 2	0-100%	0	ab01872	4	2091	0	1	1.50	1.240
group 2	0-100%	0	ab01938	0	2091	0	1	1.50	1.240
group 2	0-100%	0	ab01711	0	2091	0	0	1.50	1.240
group 2	0-100%	0	ab01029	0	2091	0	1	1.50	1.240
group 2	0-100%	0	ab02140	3	2091	0	1	1.50	1.240
group 2	0-100%	0	ab00285	0	2091	0	0	1.50	1.240
group 2	0-100%	0	ab01654	2	2091	0	1	1.50	1.240
group 2	0-100%	0	ab02268	1	2091	0	1	1.50	1.240
group 2	0-100%	0	ab01441	3	2091	0	2	1.50	1.240
group 2	0-100%	0	ab02246	0	2091	0	1	1.50	1.240
group 2	0-100%	0	ab01633	2	2091	0	1	1.50	1.240
group 2	0-100%	0	ab00649	1	2091	0	1	1.50	1.240
group 2	0-100%	0	ab00773	3	2091	0	0	1.50	1.240
group 2	0-100%	0	ab01130	0	2091	0	1	1.50	1.240
group 2	0-100%	0	ab00071	1	2091	0	1	1.50	1.240
group 2	0-100%	0	ab00625	0	2091	0	0	1.50	1.240
group 2	0-100%	0	ab00870	1	2091	0	0	1.50	1.240
group 2	0-100%	0	ab02438	3	2091	0	1	1.50	1.240
group 2	0-100%	0	ab00521	0	2091	0	0	1.50	1.240
group 2	0-100%	0	ab01995	4	2091	0	2	1.50	1.240
group 2	0-100%	0	ab02158	1	2091	0	1	1.50	1.240
group 2	0-100%	0	ab01860	0	2091	0	1	1.50	1.240
group 2	0-100%	0	ab00655	1	2091	0	0	1.50	1.240
group 2	0-100%	0	ab00518	0	2091	0	0	1.50	1.240
group 2	0-100%	0	ab00600	0	2091	0	0	1.50	1.240
group 2	0-100%	0	ab01457	1	2091	0	1	1.50	1.240
group 2	0-100%	0	ab00440	1	2091	0	0	1.50	1.240
group 2	0-100%	0	ab01286	2	2091	0	1	1.50	1.240
group 2	0-100%	0	ab01437	3	2091	0	0	1.50	1.240
group 2	0-100%	0	ab00854	1	2091	0	1	1.50	1.240
group 2	0-100%	0	ab02181	3	2091	0	1	1.50	1.240
group 2	0-100%	0	ab02256	1	2091	0	0	1.50	1.240
group 2	0-100%	0	ab00106	0	2091	0	0	1.50	1.240
group 2	0-100%	0	ab01603	0	2091	0	0	1.50	1.240
group 2	0-100%	0	ab01486	4	2091	0	1	1.50	1.240
group 2	0-100%	0	ab02134	2	2091	0	1	1.50	1.240
group 2	0-100%	0	ab02003	3	2091	0	1	1.50	1.240
group 2	0-100%	0	ab01398	3	2091	0	1	1.50	1.240
group 2	0-100%	0	ab00954	3	2091	0	0	1.50	1.240
group 2	0-100%	0	ab01730	1	2091	1	1	1.50	1.240
group 2	0-100%	0	ab01964	3	2091	0	1	1.50	1.240
group 2	0-100%	0	ab02387	3	2091	0	1	1.50	1.240
group 2	0-100%	0	ab01550	2	2091	0	1	1.50	1.240
group 2	0-100%	0	ab00446	1	2091	0	0	1.50	1.240
group 2	0-100%	0	ab00150	1	2091	0	1	1.50	1.240
group 2	0-100%	0	ab00512	0	2091	0	0	1.50	1.240
group 2	0-100%	0	ab00667	1	2091	0	1	1.50	1.240
group 2	0-100%	0	ab02273	1	2091	0	3	1.50	1.240
group 2	0-100%	0	ab00558	0	2091	0	1	1.50	1.240
group 2	0-100%	0	ab02393	3	2091	0	1	1.50	1.240
group 2	0-100%	0	ab01928	2	2091	0	2	1.50	1.240
group 2	0-100%	0	ab00674	0	2091	0	1	1.50	1.240
group 2	0-100%	0	ab01844	1	2091	0	2	1.50	1.240
group 2	0-100%	0	ab02183	2	2091	6	4	1.50	1.240
group 2	0-100%	0	ab01483	4	2091	0	1	1.50	1.240
group 2	0-100%	0	ab01443	3	2091	0	1	1.50	1.240
group 2	0-100%	0	ab00344	0	2091	0	0	1.50	1.240
group 2	0-100%	0	ab02235	1	2091	0	3	1.50	1.240
group 2	0-100%	0	ab00310	0	2091	0	1	1.50	1.240
group 2	0-100%	0	ab01435	2	2091	0	1	1.50	1.240
group 2	0-100%	0	ab01390	1	2091	0	1	1.50	1.240
group 2	0-100%	0	ab01149	2	2091	0	2	1.50	1.240
group 2	0-100%	0	ab00300	2	2091	0	0	1.50	1.240
group 2	0-100%	0	ab02279	1	2091	0	0	1.50	1.240
group 2	0-100%	0	ab01929	2	2091	0	1	1.50	1.240
group 2	0-100%	0	ab01439	2	2091	0	2	1.50	1.240
group 2	0-100%	0	ab00605	0	2091	0	2	1.50	1.240
group 2	0-100%	0	ab00363	0	2091	0	0	1.50	1.240
group 2	0-100%	0	ab01405	3	2091	0	1	1.50	1.240
group 2	0-100%	0	ab01551	1	2091	0	0	1.50	1.240
group 2	0-100%	0	ab01836	1	2091	0	1	1.50	1.240
group 2	0-100%	0	ab00710	1	2091	0	1	1.50	1.240
group 2	0-100%	0	ab02255	0	2091	0	1	1.50	1.240
group 2	0-100%	0	ab00707	2	2091	0	0	1.50	1.240
group 2	0-100%	0	ab00908	2	2091	0	1	1.50	1.240
group 2	0-100%	0	ab00833	0	2091	0	0	1.50	1.240
group 2	0-100%	0	ab02320	0	2091	0	1	1.50	1.240
group 2	0-100%	0	ab00859	3	2091	0	1	1.50	1.240
group 2	0-100%	0	ab01498	2	2091	0	1	1.50	1.240
group 2	0-100%	0	ab00459	1	2091	0	1	1.50	1.240
group 2	0-100%	0	ab01636	3	2091	0	1	1.50	1.240
group 2	0-100%	0	ab00410	0	2091	0	1	1.50	1.240
group 2	0-100%	0	ab02419	2	2091	0	0	1.50	1.240
group 2	0-100%	0	ab02376	3	2091	0	1	1.50	1.240
group 2	0-100%	0	ab01628	3	2091	0	0	1.50	1.240
group 2	0-100%	0	ab02179	0	2091	0	1	1.50	1.240
group 2	0-100%	0	ab01762	1	2091	0	1	1.50	1.240
group 2	0-100%	0	ab00917	2	2091	0	0	1.50	1.240
group 2	0-100%	0	ab02406	1	2091	0	0	1.50	1.240
group 2	0-100%	0	ab01337	3	2091	0	2	1.50	1.240
group 2	0-100%	0	ab00977	2	2091	0	1	1.50	1.240
group 2	0-100%	0	ab01701	1	2091	0	1	1.50	1.240
group 2	0-100%	0	ab01389	2	2091	0	2	1.50	1.240
group 2	0-100%	0	ab00274	4	2091	0	0	1.50	1.240
group 2	0-100%	0	ab00596	0	2091	0	0	1.50	1.240
group 2	0-100%	0	ab01383	3	2091	0	2	1.50	1.240
group 2	0-100%	0	ab01152	1	2091	0	2	1.50	1.240
group 2	0-100%	0	ab01881	3	2091	0	1	1.50	1.240
group 2	0-100%	0	ab02088	1	2091	0	2	1.50	1.240
group 2	0-100%	0	ab00942	2	2091	0	1	1.50	1.240
group 2	0-100%	0	ab01879	0	2091	0	2	1.50	1.240
group 2	0-100%	0	ab00041	2	2091	0	1	1.50	1.240
group 2	0-100%	0	ab00566	0	2091	0	1	1.50	1.240
group 2	0-100%	0	ab00741	2	2091	0	0	1.50	1.240
group 2	0-100%	0	ab02070	3	2091	0	0	1.50	1.240
group 2	0-100%	0	ab02099	0	2091	0	2	1.50	1.240
group 2	0-100%	0	ab00777	0	2091	0	2	1.50	1.240
group 2	0-100%	0	ab00714	0	2091	0	0	1.50	1.240
group 2	0-100%	0	ab00296	0	2091	0	1	1.50	1.240
group 2	0-100%	0	ab01596	0	2091	0	0	1.50	1.240
group 2	0-100%	0	ab01898	0	2091	0	1	1.50	1.240
group 2	0-100%	0	ab01978	0	2091	0	1	1.50	1.240
group 2	0-100%	0	ab00589	1	2091	0	0	1.50	1.240
group 2	0-100%	0	ab01726	1	2091	0	1	1.50	1.240
group 2	0-100%	0	ab01693	3	2091	0	5	1.50	1.240
group 2	0-100%	0	ab00065	3	2091	0	3	1.50	1.240
group 2	0-100%	0	ab01749	1	2091	0	1	1.50	1.240
group 2	0-100%	0	ab02104	0	2091	0	1	1.50	1.240
group 2	0-100%	0	ab00491	0	2091	0	0	1.50	1.240
group 2	0-100%	0	ab01973	0	2091	0	1	1.50	1.240
group 2	0-100%	0	ab00268	1	2091	0	0	1.50	1.240
group 2	0-100%	0	ab01120	0	2091	0	2	1.50	1.240
group 2	0-100%	0	ab02175	1	2091	0	4	1.50	1.240
group 2	0-100%	0	ab00971	1	2091	0	0	1.50	1.240
group 2	0-100%	0	ab00102	4	2091	0	0	1.50	1.240
group 2	0-100%	0	ab00888	1	2091	0	1	1.50	1.240
group 2	0-100%	0	ab01663	3	2091	0	2	1.50	1.240
group 2	0-100%	0	ab00937	2	2091	0	1	1.50	1.240
group 2	0-100%	0	ab01428	3	2091	0	1	1.50	1.240
group 2	0-100%	0	ab00708	0	2091	0	1	1.50	1.240
group 2	0-100%	0	ab01724	1	2091	0	1	1.50	1.240
group 2	0-100%	0	ab01013	3	2091	0	1	1.50	1.240
group 2	0-100%	0	ab01681	2	2091	0	1	1.50	1.240
group 2	0-100%	0	ab02167	0	2091	0	1	1.50	1.240
group 2	0-100%	0	ab02249	1	2091	0	1	1.50	1.240
group 2	0-100%	0	ab00656	0	2091	0	1	1.50	1.240
group 2	0-100%	0	ab01601	0	2091	0	0	1.50	1.240
group 2	0-100%	0	ab00277	2	2091	0	1	1.50	1.240
group 2	0-100%	0	ab00887	1	2091	0	1	1.50	1.240
group 2	0-100%	0	ab00940	2	2091	0	1	1.50	1.240
group 2	0-100%	0	ab00757	1	2091	0	1	1.50	1.240
group 2	0-100%	0	ab02464	0	2091	0	0	1.50	1.240
group 2	0-100%	0	ab01496	2	2091	0	1	1.50	1.240
group 2	0-100%	0	ab01918	0	2091	0	1	1.50	1.240
group 2	0-100%	0	ab00266	4	2091	0	0	1.50	1.240
group 2	0-100%	0	ab02381	3	2091	0	1	1.50	1.240
group 2	0-100%	0	ab00960	3	2091	0	1	1.50	1.240
group 2	0-100%	0	ab01925	0	2091	0	1	1.50	1.240
group 2	0-100%	0	ab01519	4	2091	0	1	1.50	1.240
group 2	0-100%	0	ab00792	1	2091	0	1	1.50	1.240
group 2	0-100%	0	ab01683	1	2091	1	0	1.50	1.240
group 2	0-100%	0	ab01415	3	2091	0	2	1.50	1.240
group 2	0-100%	0	ab01468	4	2091	0	0	1.50	1.240
group 2	0-100%	0	ab00881	2	2091	0	0	1.50	1.240
group 2	0-100%	0	ab01782	0	2091	0	0	1.50	1.240
group 2	0-100%	0	ab02050	0	2091	6	6	1.50	1.240
group 2	0-100%	0	ab02400	3	2091	0	1	1.50	1.240
group 2	0-100%	0	ab01055	0	2091	0	1	1.50	1.240
group 2	0-100%	0	ab01409	1	2091	0	1	1.50	1.240
group 2	0-100%	0	ab01533	3	2091	0	1	1.50	1.240
group 2	0-100%	0	ab02278	1	2091	0	0	1.50	1.240
group 2	0-100%	0	ab00904	2	2091	0	1	1.50	1.240
group 2	0-100%	0	ab02023	0	2091	0	1	1.50	1.240
group 2	0-100%	0	ab02252	1	2091	0	0	1.50	1.240
group 2	0-100%	0	ab01608	1	2091	0	1	1.50	1.240
group 2	0-100%	0	ab00035	0	2091	0	0	1.50	1.240
group 2	0-100%	0	ab02412	1	2091	0	0	1.50	1.240
group 2	0-100%	0	ab02437	4	2091	0	0	1.50	1.240
group 2	0-100%	0	ab00209	0	2091	0	1	1.50	1.240
group 2	0-100%	0	ab00501	0	2091	0	1	1.50	1.240
group 2	0-100%	0	ab00653	1	2091	0	1	1.50	1.240
group 2	0-100%	0	ab01648	1	2091	0	2	1.50	1.240
group 2	0-100%	0	ab00669	1	2091	0	1	1.50	1.240
group 2	0-100%	0	ab00789	1	2091	0	0	1.50	1.240
group 2	0-100%	0	ab01728	3	2091	0	1	1.50	1.240
group 2	0-100%	0	ab01729	2	2091	0	1	1.50	1.240
group 2	0-100%	0	ab00641	1	2091	0	1	1.50	1.240
group 2	0-100%	0	ab02403	3	2091	0	1	1.50	1.240
group 2	0-100%	0	ab02375	2	2091	0	1	1.50	1.240
group 2	0-100%	0	ab01480	4	2091	0	1	1.50	1.240
group 2	0-100%	0	ab02428	3	2091	0	0	1.50	1.240
group 2	0-100%	0	ab00866	2	2091	0	1	1.50	1.240
group 2	0-100%	0	ab00939	2	2091	0	0	1.50	1.240
group 2	0-100%	0	ab02026	2	2091	0	1	1.50	1.240
group 2	0-100%	0	ab00612	0	2091	0	0	1.50	1.240
group 2	0-100%	0	ab00252	5	2091	0	1	1.50	1.240
group 2	0-100%	0	ab01807	2	2091	0	2	1.50	1.240
group 2	0-100%	0	ab02066	2	2091	0	1	1.50	1.240
group 2	0-100%	0	ab00510	0	2091	0	1	1.50	1.240
group 2	0-100%	0	ab01418	3	2091	0	1	1.50	1.240
group 2	0-100%	0	ab00860	0	2091	0	0	1.50	1.240
group 2	0-100%	0	ab01518	3	2091	0	1	1.50	1.240
group 2	0-100%	0	ab00680	1	2091	0	2	1.50	1.240
group 2	0-100%	0	ab00259	4	2091	0	0	1.50	1.240
group 2	0-100%	0	ab01298	0	2091	0	2	1.50	1.240
group 2	0-100%	0	ab00973	3	2091	0	0	1.50	1.240
group 2	0-100%	0	ab01287	2	2091	0	2	1.50	1.240
group 2	0-100%	0	ab00347	0	2091	0	0	1.50	1.240
group 2	0-100%	0	ab01867	3	2091	0	1	1.50	1.240
group 2	0-100%	0	ab00399	0	2091	0	1	1.50	1.240
group 2	0-100%	0	ab01696	2	2091	0	0	1.50	1.240
group 2	0-100%	0	ab00283	1	2091	0	3	1.50	1.240
group 2	0-100%	0	ab01039	2	2091	0	1	1.50	1.240
group 2	0-100%	0	ab00537	1	2091	0	0	1.50	1.240
group 2	0-100%	0	ab01774	0	2091	0	1	1.50	1.240
group 2	0-100%	0	ab01555	2	2091	0	1	1.50	1.240
group 2	0-100%	0	ab00205	2	2091	0	1	1.50	1.240
group 2	0-100%	0	ab02100	2	2091	0	1	1.50	1.240
group 2	0-100%	0	ab00146	0	2091	0	1	1.50	1.240
group 2	0-100%	0	ab00019	3	2091	0	2	1.50	1.240
group 2	0-100%	0	ab00407	0	2091	0	1	1.50	1.240
group 2	0-100%	0	ab00511	1	2091	0	1	1.50	1.240
group 2	0-100%	0	ab00958	1	2091	0	2	1.50	1.240
group 2	0-100%	0	ab01779	0	2091	0	1	1.50	1.240
group 2	0-100%	0	ab00838	3	2091	0	1	1.50	1.240
group 2	0-100%	0	ab01560	3	2091	0	1	1.50	1.240
group 2	0-100%	0	ab02219	1	2091	0	1	1.50	1.240
group 2	0-100%	0	ab02392	3	2091	0	0	1.50	1.240
group 2	0-100%	0	ab01963	2	2091	0	0	1.50	1.240
group 2	0-100%	0	ab01947	0	2091	0	1	1.50	1.240
group 2	0-100%	0	ab01314	1	2091	0	3	1.50	1.240
group 2	0-100%	0	ab00021	0	2091	0	1	1.50	1.240
group 2	0-100%	0	ab01412	3	2091	0	1	1.50	1.240
group 2	0-100%	0	ab02165	2	2091	0	1	1.50	1.240
group 2	0-100%	0	ab01677	2	2091	0	0	1.50	1.240
group 2	0-100%	0	ab02162	2	2091	0	2	1.50	1.240
group 2	0-100%	0	ab02234	2	2091	0	1	1.50	1.240
group 2	0-100%	0	ab00208	1	2091	0	2	1.50	1.240
group 2	0-100%	0	ab00637	1	2091	0	0	1.50	1.240
group 2	0-100%	0	ab00896	2	2091	0	0	1.50	1.240
group 2	0-100%	0	ab00353	0	2091	0	1	1.50	1.240
group 2	0-100%	0	ab00959	1	2091	0	0	1.50	1.240
group 2	0-100%	0	ab01625	2	2091	0	1	1.50	1.240
group 2	0-100%	0	ab00401	1	2091	0	0	1.50	1.240
group 2	0-100%	0	ab02257	0	2091	0	2	1.50	1.240
group 2	0-100%	0	ab01858	1	2091	0	2	1.50	1.240
group 2	0-100%	0	ab00743	0	2091	0	0	1.50	1.240
group 2	0-100%	0	ab00972	1	2091	0	1	1.50	1.240
group 2	0-100%	0	ab01331	1	2091	1	1	1.50	1.240
group 2	0-100%	0	ab00483	0	2091	0	0	1.50	1.240
group 2	0-100%	0	ab01473	3	2091	0	1	1.50	1.240
group 2	0-100%	0	ab02172	3	2091	0	1	1.50	1.240
group 2	0-100%	0	ab02352	1	2091	0	6	1.50	1.240
group 2	0-100%	0	ab00487	0	2091	0	1	1.50	1.240
group 2	0-100%	0	ab00541	0	2091	0	1	1.50	1.240
group 2	0-100%	0	ab01926	0	2091	0	0	1.50	1.240
group 2	0-100%	0	ab01475	4	2091	0	1	1.50	1.240
group 2	0-100%	0	ab02395	2	2091	0	1	1.50	1.240
group 2	0-100%	0	ab01495	3	2091	0	1	1.50	1.240
group 2	0-100%	0	ab00534	1	2091	0	0	1.50	1.240
group 2	0-100%	0	ab02378	2	2091	0	0	1.50	1.240
group 2	0-100%	0	ab00886	2	2091	0	1	1.50	1.240
group 2	0-100%	0	ab01712	2	2091	0	0	1.50	1.240
group 2	0-100%	0	ab01776	0	2091	0	1	1.50	1.240
group 2	0-100%	0	ab02110	1	2091	0	2	1.50	1.240
group 2	0-100%	0	ab01792	2	2091	0	0	1.50	1.240
group 2	0-100%	0	ab02002	2	2091	0	1	1.50	1.240
group 2	0-100%	0	ab00793	1	2091	0	1	1.50	1.240
group 2	0-100%	0	ab00577	1	2091	0	0	1.50	1.240
group 2	0-100%	0	ab01084	3	2091	0	1	1.50	1.240
group 2	0-100%	0	ab00034	1	2091	0	3	1.50	1.240
group 2	0-100%	0	ab00595	0	2091	0	1	1.50	1.240
group 2	0-100%	0	ab02233	2	2091	0	1	1.50	1.240
group 2	0-100%	0	ab00788	1	2091	0	1	1.50	1.240
group 2	0-100%	0	ab00529	1	2091	0	1	1.50	1.240
group 2	0-100%	0	ab00275	5	2091	0	1	1.50	1.240
group 2	0-100%	0	ab01652	2	2091	0	0	1.50	1.240
group 2	0-100%	0	ab00705	0	2091	0	1	1.50	1.240
group 2	0-100%	0	ab02401	3	2091	0	1	1.50	1.240
group 2	0-100%	0	ab01788	2	2091	0	0	1.50	1.240
group 2	0-100%	0	ab01655	1	2091	0	0	1.50	1.240
group 2	0-100%	0	ab02335	0	2091	0	1	1.50	1.240
group 2	0-100%	0	ab01534	2	2091	0	2	1.50	1.240
group 2	0-100%	0	ab01558	2	2091	0	1	1.50	1.240
group 2	0-100%	0	ab01183	1	2091	0	1	1.50	1.240
group 2	0-100%	0	ab00927	2	2091	0	1	1.50	1.240
group 2	0-100%	0	ab01865	1	2091	0	1	1.50	1.240
group 2	0-100%	0	ab01675	2	2091	0	1	1.50	1.240
group 2	0-100%	0	ab00545	1	2091	0	1	1.50	1.240
group 2	0-100%	0	ab02397	3	2091	0	1	1.50	1.240
group 2	0-100%	0	ab01487	3	2091	0	1	1.50	1.240
group 2	0-100%	0	ab01920	0	2091	0	0	1.50	1.240
group 2	0-100%	0	ab00375	1	2091	0	1	1.50	1.240
group 2	0-100%	0	ab01503	2	2091	0	1	1.50	1.240
group 2	0-100%	0	ab00476	0	2091	0	1	1.50	1.240
group 2	0-100%	0	ab01768	1	2091	0	1	1.50	1.240
group 2	0-100%	0	ab02073	0	2091	0	1	1.50	1.240
group 2	0-100%	0	ab00976	0	2091	0	1	1.50	1.240
group 2	0-100%	0	ab02000	0	2091	0	1	1.50	1.240
group 2	0-100%	0	ab01604	0	2091	0	1	1.50	1.240
group 2	0-100%	0	ab01513	4	2091	0	0	1.50	1.240
group 2	0-100%	0	ab01669	3	2091	0	1	1.50	1.240
group 2	0-100%	0	ab02152	0	2091	0	1	1.50	1.240
group 2	0-100%	0	ab01557	1	2091	0	1	1.50	1.240
group 2	0-100%	0	ab01449	4	2091	0	1	1.50	1.240
group 2	0-100%	0	ab01430	1	2091	0	1	1.50	1.240
group 2	0-100%	0	ab01297	0	2091	0	0	1.50	1.240
group 2	0-100%	0	ab02131	1	2091	0	1	1.50	1.240
group 2	0-100%	0	ab01238	4	2091	0	0	1.50	1.240
group 2	0-100%	0	ab00371	0	2091	0	0	1.50	1.240
group 2	0-100%	0	ab00947	0	2091	0	1	1.50	1.240
group 2	0-100%	0	ab01979	3	2091	0	1	1.50	1.240
group 2	0-100%	0	ab02171	2	2091	0	1	1.50	1.240
group 2	0-100%	0	ab01526	3	2091	0	1	1.50	1.240
group 2	0-100%	0	ab01283	0	2091	0	1	1.50	1.240
group 2	0-100%	0	ab01282	2	2091	0	1	1.50	1.240
group 2	0-100%	0	ab02146	2	2091	0	1	1.50	1.240
group 2	0-100%	0	ab01019	3	2091	0	0	1.50	1.240
group 2	0-100%	0	ab00314	0	2091	0	2	1.50	1.240
group 2	0-100%	0	ab01576	1	2091	0	0	1.50	1.240
group 2	0-100%	0	ab02297	0	2091	6	5	1.50	1.240
group 2	0-100%	0	ab01642	3	2091	0	1	1.50	1.240
group 2	0-100%	0	ab01438	3	2091	0	1	1.50	1.240
group 2	0-100%	0	ab02275	1	2091	0	0	1.50	1.240
group 2	0-100%	0	ab01144	1	2091	0	1	1.50	1.240
group 2	0-100%	0	ab00500	0	2091	0	0	1.50	1.240
group 2	0-100%	0	ab00670	0	2091	0	1	1.50	1.240
group 2	0-100%	0	ab01403	3	2091	0	1	1.50	1.240
group 2	0-100%	0	ab02244	1	2091	0	1	1.50	1.240
group 2	0-100%	0	ab01579	2	2091	0	1	1.50	1.240
group 2	0-100%	0	ab00557	1	2091	0	0	1.50	1.240
group 2	0-100%	0	ab01111	0	2091	0	2	1.50	1.240
group 2	0-100%	0	ab00779	0	2091	0	2	1.50	1.240
group 2	0-100%	0	ab01563	3	2091	0	1	1.50	1.240
group 2	0-100%	0	ab01554	2	2091	0	1	1.50	1.240
group 2	0-100%	0	ab00923	3	2091	0	0	1.50	1.240
group 2	0-100%	0	ab02435	3	2091	0	1	1.50	1.240
group 2	0-100%	0	ab01627	1	2091	0	0	1.50	1.240
group 2	0-100%	0	ab01651	0	2091	0	3	1.50	1.240
group 2	0-100%	0	ab01602	0	2091	0	0	1.50	1.240
group 2	0-100%	0	ab01538	4	2091	0	2	1.50	1.240
group 2	0-100%	0	ab01659	3	2091	0	1	1.50	1.240
group 2	0-100%	0	ab00046	0	2091	0	0	1.50	1.240
group 2	0-100%	0	ab01540	4	2091	0	1	1.50	1.240
group 2	0-100%	0	ab01434	2	2091	0	1	1.50	1.240
group 2	0-100%	0	ab00547	1	2091	0	1	1.50	1.240
group 2	0-100%	0	ab00096	3	2091	0	1	1.50	1.240
group 2	0-100%	0	ab00527	1	2091	0	1	1.50	1.240
group 2	0-100%	0	ab00305	0	2091	0	1	1.50	1.240
group 2	0-100%	0	ab02239	1	2091	0	2	1.50	1.240
group 2	0-100%	0	ab00906	2	2091	0	0	1.50	1.240
group 2	0-100%	0	ab01023	0	2091	0	2	1.50	1.240
group 2	0-100%	0	ab01598	0	2091	0	1	1.50	1.240
group 2	0-100%	0	ab02030	2	2091	0	1	1.50	1.240
group 2	0-100%	0	ab00739	2	2091	0	0	1.50	1.240
group 2	0-100%	0	ab01530	3	2091	0	1	1.50	1.240
group 2	0-100%	0	ab02343	1	2091	0	0	1.50	1.240
group 2	0-100%	0	ab00219	1	2091	0	1	1.50	1.240
group 2	0-100%	0	ab00568	0	2091	0	1	1.50	1.240
group 2	0-100%	0	ab00456	1	2091	0	0	1.50	1.240
group 2	0-100%	0	ab01640	2	2091	0	1	1.50	1.240
group 2	0-100%	0	ab01609	1	2091	0	0	1.50	1.240
group 2	0-100%	0	ab00849	1	2091	0	1	1.50	1.240
group 2	0-100%	0	ab01972	2	2091	0	1	1.50	1.240
group 2	0-100%	0	ab02067	3	2091	0	2	1.50	1.240
group 2	0-100%	0	ab01769	1	2091	0	3	1.50	1.240
group 2	0-100%	0	ab01476	3	2091	0	1	1.50	1.240
group 2	0-100%	0	ab00210	2	2091	0	1	1.50	1.240
group 2	0-100%	0	ab02148	0	2091	0	1	1.50	1.240
group 2	0-100%	0	ab01541	4	2091	0	1	1.50	1.240
group 2	0-100%	0	ab02130	2	2091	0	1	1.50	1.240
group 2	0-100%	0	ab01553	3	2091	0	1	1.50	1.240
group 2	0-100%	0	ab01367	2	2091	0	1	1.50	1.240
group 2	0-100%	0	ab01790	1	2091	0	0	1.50	1.240
group 2	0-100%	0	ab01548	2	2091	0	1	1.50	1.240
group 2	0-100%	0	ab00218	1	2091	0	1	1.50	1.240
group 2	0-100%	0	ab02267	2	2091	0	1	1.50	1.240
group 2	0-100%	0	ab02119	0	2091	0	1	1.50	1.240
group 2	0-100%	0	ab01129	1	2091	0	2	1.50	1.240
group 2	0-100%	0	ab00754	1	2091	0	1	1.50	1.240
group 2	0-100%	0	ab01528	2	2091	0	0	1.50	1.240
group 2	0-100%	0	ab02139	3	2091	0	1	1.50	1.240
group 2	0-100%	0	ab00981	1	2091	0	0	1.50	1.240
group 2	0-100%	0	ab02034	0	2091	0	1	1.50	1.240
group 2	0-100%	0	ab02005	2	2091	0	1	1.50	1.240
group 2	0-100%	0	ab01738	2	2091	1	1	1.50	1.240
group 2	0-100%	0	ab01272	0	2091	0	0	1.50	1.240
group 2	0-100%	0	ab01028	1	2091	0	1	1.50	1.240
group 2	0-100%	0	ab02125	3	2091	0	1	1.50	1.240
group 2	0-100%	0	ab00806	1	2091	0	1	1.50	1.240
group 2	0-100%	0	ab01868	0	2091	0	1	1.50	1.240
group 2	0-100%	0	ab01924	0	2091	0	1	1.50	1.240
group 2	0-100%	0	ab01653	2	2091	0	1	1.50	1.240
group 2	0-100%	0	ab00461	1	2091	0	1	1.50	1.240
group 2	0-100%	0	ab00234	1	2091	0	1	1.50	1.240
group 2	0-100%	0	ab00685	0	2091	0	1	1.50	1.240
group 2	0-100%	0	ab01791	1	2091	0	1	1.50	1.240
group 2	0-100%	0	ab00931	2	2091	0	3	1.50	1.240
group 2	0-100%	0	ab01810	0	2091	0	0	1.50	1.240
group 2	0-100%	0	ab02301	0	2091	6	5	1.50	1.240
group 2	0-100%	0	ab00284	0	2091	0	0	1.50	1.240
group 2	0-100%	0	ab01755	2	2091	0	2	1.50	1.240
group 2	0-100%	0	ab00586	0	2091	0	0	1.50	1.240
group 2	0-100%	0	ab00168	0	2091	1	0	1.50	1.240
group 2	0-100%	0	ab02416	1	2091	0	0	1.50	1.240
group 2	0-100%	0	ab00846	3	2091	0	1	1.50	1.240
group 2	0-100%	0	ab01737	2	2091	1	1	1.50	1.240
group 2	0-100%	0	ab02101	1	2091	7	7	1.50	1.240
group 2	0-100%	0	ab00603	1	2091	0	1	1.50	1.240
group 2	0-100%	0	ab01658	3	2091	0	1	1.50	1.240
group 2	0-100%	0	ab01610	2	2091	0	1	1.50	1.240
group 2	0-100%	0	ab00883	3	2091	0	1	1.50	1.240
group 2	0-100%	0	ab00419	0	2091	0	1	1.50	1.240
group 2	0-100%	0	ab02103	0	2091	0	1	1.50	1.240
group 2	0-100%	0	ab00427	0	2091	0	1	1.50	1.240
group 2	0-100%	0	ab00675	1	2091	0	1	1.50	1.240
group 2	0-100%	0	ab02411	2	2091	0	0	1.50	1.240
group 2	0-100%	0	ab01968	1	2091	0	0	1.50	1.240
group 2	0-100%	0	ab00563	1	2091	0	1	1.50	1.240
group 2	0-100%	0	ab00814	1	2091	0	0	1.50	1.240
group 2	0-100%	0	ab01736	0	2091	0	2	1.50	1.240
group 2	0-100%	0	ab02354	0	2091	0	1	1.50	1.240
group 2	0-100%	0	ab01413	0	2091	0	1	1.50	1.240
group 2	0-100%	0	ab01433	3	2091	0	1	1.50	1.240
group 2	0-100%	0	ab00935	2	2091	0	1	1.50	1.240
group 2	0-100%	0	ab00389	0	2091	0	1	1.50	1.240
group 2	0-100%	0	ab02102	0	2091	0	1	1.50	1.240
group 2	0-100%	0	ab02282	1	2091	0	1	1.50	1.240
group 2	0-100%	0	ab00963	4	2091	0	0	1.50	1.240
group 2	0-100%	0	ab02015	0	2091	0	1	1.50	1.240
group 2	0-100%	0	ab02092	3	2091	0	1	1.50	1.240
group 2	0-100%	0	ab00796	2	2091	0	1	1.50	1.240
group 2	0-100%	0	ab02036	0	2091	0	1	1.50	1.240
group 2	0-100%	0	ab02009	0	2091	0	1	1.50	1.240
group 2	0-100%	0	ab00919	2	2091	0	1	1.50	1.240
group 2	0-100%	0	ab01911	2	2091	0	1	1.50	1.240
group 2	0-100%	0	ab02115	2	2091	0	1	1.50	1.240
group 2	0-100%	0	ab01626	2	2091	0	1	1.50	1.240
group 2	0-100%	0	ab00780	1	2091	0	1	1.50	1.240
group 2	0-100%	0	ab01479	3	2091	0	3	1.50	1.240
group 2	0-100%	0	ab00195	2	2091	6	4	1.50	1.240
group 2	0-100%	0	ab00569	0	2091	0	0	1.50	1.240
group 2	0-100%	0	ab02465	1	2091	0	0	1.50	1.240
group 2	0-100%	0	ab01945	2	2091	0	1	1.50	1.240
group 2	0-100%	0	ab00118	4	2091	0	1	1.50	1.240
group 2	0-100%	0	ab00821	1	2091	0	3	1.50	1.240
group 2	0-100%	0	ab00980	1	2091	0	1	1.50	1.240
group 2	0-100%	0	ab01411	3	2091	0	1	1.50	1.240
group 2	0-100%	0	ab01066	2	2091	0	1	1.50	1.240
group 2	0-100%	0	ab00117	0	2091	0	1	1.50	1.240
group 2	0-100%	0	ab00646	1	2091	0	0	1.50	1.240
group 2	0-100%	0	ab01444	3	2091	0	1	1.50	1.240
group 2	0-100%	0	ab01715	2	2091	0	1	1.50	1.240
group 2	0-100%	0	ab02232	2	2091	0	2	1.50	1.240
group 2	0-100%	0	ab01621	1	2091	1	0	1.50	1.240
group 2	0-100%	0	ab01912	3	2091	0	1	1.50	1.240
group 2	0-100%	0	ab01647	3	2091	0	0	1.50	1.240
group 2	0-100%	0	ab01794	0	2091	0	1	1.50	1.240
group 2	0-100%	0	ab00728	0	2091	0	3	1.50	1.240
group 2	0-100%	0	ab00936	3	2091	0	1	1.50	1.240
group 2	0-100%	0	ab02274	1	2091	0	2	1.50	1.240
group 2	0-100%	0	ab02028	2	2091	0	1	1.50	1.240
group 2	0-100%	0	ab01514	3	2091	0	1	1.50	1.240
group 2	0-100%	0	ab01402	3	2091	0	1	1.50	1.240
group 2	0-100%	0	ab02299	0	2091	0	0	1.50	1.240
group 2	0-100%	0	ab00261	4	2091	0	1	1.50	1.240
group 2	0-100%	0	ab00033	1	2091	0	1	1.50	1.240
group 2	0-100%	0	ab01364	3	2091	0	1	1.50	1.240
group 2	0-100%	0	ab02407	1	2091	0	0	1.50	1.240
group 2	0-100%	0	ab01511	2	2091	0	2	1.50	1.240
group 2	0-100%	0	ab01985	1	2091	0	2	1.50	1.240
group 2	0-100%	0	ab00509	0	2091	0	1	1.50	1.240
group 2	0-100%	0	ab00571	1	2091	0	1	1.50	1.240
group 2	0-100%	0	ab01686	1	2091	0	8	1.50	1.240
group 2	0-100%	0	ab01808	1	2091	0	1	1.50	1.240
group 2	0-100%	0	ab00992	2	2091	0	1	1.50	1.240
group 2	0-100%	0	ab01880	1	2091	0	1	1.50	1.240
group 2	0-100%	0	ab00930	5	2091	0	1	1.50	1.240
group 2	0-100%	0	ab00862	3	2091	0	0	1.50	1.240
group 2	0-100%	0	ab00679	0	2091	0	0	1.50	1.240
group 2	0-100%	0	ab01666	2	2091	1	0	1.50	1.240
group 2	0-100%	0	ab01021	0	2091	0	1	1.50	1.240
group 2	0-100%	0	ab02037	2	2091	0	1	1.50	1.240
group 2	0-100%	0	ab02383	2	2091	0	0	1.50	1.240
group 2	0-100%	0	ab02011	0	2091	0	1	1.50	1.240
group 2	0-100%	0	ab01960	3	2091	0	1	1.50	1.240
group 2	0-100%	0	ab00294	1	2091	0	1	1.50	1.240
group 2	0-100%	0	ab00416	0	2091	0	0	1.50	1.240
group 2	0-100%	0	ab01606	1	2091	0	1	1.50	1.240
group 2	0-100%	0	ab01377	3	2091	0	1	1.50	1.240
group 2	0-100%	0	ab00567	0	2091	0	0	1.50	1.240
group 2	0-100%	0	ab00055	1	2091	0	4	1.50	1.240
group 2	0-100%	0	ab00206	1	2091	0	1	1.50	1.240
group 2	0-100%	0	ab01915	1	2091	0	1	1.50	1.240
group 2	0-100%	0	ab01073	0	2091	0	3	1.50	1.240
group 2	0-100%	0	ab00139	1	2091	0	1	1.50	1.240
group 2	0-100%	0	ab00965	1	2091	0	0	1.50	1.240
group 2	0-100%	0	ab00657	1	2091	0	0	1.50	1.240
group 2	0-100%	0	ab00681	0	2091	0	0	1.50	1.240
group 2	0-100%	0	ab01706	3	2091	0	0	1.50	1.240
group 2	0-100%	0	ab00504	0	2091	0	1	1.50	1.240
group 2	0-100%	0	ab02038	1	2091	0	1	1.50	1.240
group 2	0-100%	0	ab01873	0	2091	0	1	1.50	1.240
group 2	0-100%	0	ab00133	1	2091	0	1	1.50	1.240
group 2	0-100%	0	ab01450	4	2091	0	2	1.50	1.240
group 2	0-100%	0	ab02265	1	2091	0	0	1.50	1.240
group 2	0-100%	0	ab01895	3	2091	0	1	1.50	1.240
group 2	0-100%	0	ab00519	0	2091	0	0	1.50	1.240
group 2	0-100%	0	ab00647	2	2091	0	1	1.50	1.240
group 2	0-100%	0	ab00270	3	2091	0	0	1.50	1.240
group 2	0-100%	0	ab00736	1	2091	0	0	1.50	1.240
group 2	0-100%	0	ab02241	1	2091	0	1	1.50	1.240
group 2	0-100%	0	ab00988	1	2091	0	3	1.50	1.240
group 2	0-100%	0	ab00502	0	2091	0	1	1.50	1.240
group 2	0-100%	0	ab02091	2	2091	0	1	1.50	1.240
group 2	0-100%	0	ab02300	1	2091	0	1	1.50	1.240
group 2	0-100%	0	ab00237	1	2091	0	0	1.50	1.240
group 2	0-100%	0	ab00047	0	2091	0	1	1.50	1.240
group 2	0-100%	0	ab01699	1	2091	0	1	1.50	1.240
group 2	0-100%	0	ab00230	2	2091	0	1	1.50	1.240
group 2	0-100%	0	ab02332	0	2091	0	0	1.50	1.240
group 2	0-100%	0	ab00229	2	2091	0	1	1.50	1.240
group 2	0-100%	0	ab01458	3	2091	0	1	1.50	1.240
group 2	0-100%	0	ab00212	4	2091	0	1	1.50	1.240
group 2	0-100%	0	ab00552	0	2091	0	0	1.50	1.240
group 2	0-100%	0	ab00797	2	2091	0	0	1.50	1.240
group 2	0-100%	0	ab00979	1	2091	0	0	1.50	1.240
group 2	0-100%	0	ab01615	2	2091	0	3	1.50	1.240
group 2	0-100%	0	ab00553	0	2091	0	0	1.50	1.240
group 2	0-100%	0	ab00986	1	2091	0	0	1.50	1.240
group 2	0-100%	0	ab00658	0	2091	0	0	1.50	1.240
group 2	0-100%	0	ab00435	0	2091	0	1	1.50	1.240
group 2	0-100%	0	ab00624	1	2091	0	1	1.50	1.240
group 2	0-100%	0	ab02216	0	2091	0	0	1.50	1.240
group 2	0-100%	0	ab01070	2	2091	0	0	1.50	1.240
group 2	0-100%	0	ab01274	3	2091	0	1	1.50	1.240
group 2	0-100%	0	ab00484	1	2091	0	1	1.50	1.240
group 2	0-100%	0	ab01597	0	2091	0	0	1.50	1.240
group 2	0-100%	0	ab00901	1	2091	0	1	1.50	1.240
group 2	0-100%	0	ab02260	0	2091	0	1	1.50	1.240
group 2	0-100%	0	ab01950	0	2091	0	1	1.50	1.240
group 2	0-100%	0	ab00879	1	2091	0	0	1.50	1.240
group 2	0-100%	0	ab01007	3	2091	0	0	1.50	1.240
group 2	0-100%	0	ab02032	1	2091	0	1	1.50	1.240
group 2	0-100%	0	ab01796	0	2091	0	1	1.50	1.240
group 2	0-100%	0	ab00918	2	2091	0	1	1.50	1.240
group 2	0-100%	0	ab01489	1	2091	1	1	1.50	1.240
group 2	0-100%	0	ab00158	0	2091	0	0	1.50	1.240
group 2	0-100%	0	ab02132	3	2091	0	1	1.50	1.240
group 2	0-100%	0	ab00865	3	2091	0	1	1.50	1.240
group 2	0-100%	0	ab02357	0	2091	0	1	1.50	1.240
group 2	0-100%	0	ab02396	1	2091	0	1	1.50	1.240
group 2	0-100%	0	ab01332	2	2091	1	1	1.50	1.240
group 2	0-100%	0	ab00623	0	2091	0	0	1.50	1.240
group 2	0-100%	0	ab02417	3	2091	0	1	1.50	1.240
group 2	0-100%	0	ab01524	4	2091	0	1	1.50	1.240
group 2	0-100%	0	ab00536	0	2091	0	0	1.50	1.240
group 2	0-100%	0	ab02350	3	2091	0	1	1.50	1.240
group 2	0-100%	0	ab00220	2	2091	0	1	1.50	1.240
group 2	0-100%	0	ab00910	2	2091	0	1	1.50	1.240
group 2	0-100%	0	ab00609	0	2091	0	2	1.50	1.240
group 2	0-100%	0	ab01417	1	2091	0	1	1.50	1.240
group 2	0-100%	0	ab00505	0	2091	0	0	1.50	1.240
group 2	0-100%	0	ab02085	1	2091	0	2	1.50	1.240
group 2	0-100%	0	ab00520	0	2091	0	0	1.50	1.240
group 2	0-100%	0	ab00260	3	2091	0	0	1.50	1.240
group 2	0-100%	0	ab01847	1	2091	0	1	1.50	1.240
group 2	0-100%	0	ab01543	4	2091	0	1	1.50	1.240
group 2	0-100%	0	ab01067	2	2091	0	1	1.50	1.240
group 2	0-100%	0	ab00903	2	2091	0	1	1.50	1.240
group 2	0-100%	0	ab01420	3	2091	0	1	1.50	1.240
group 2	0-100%	0	ab01425	3	2091	0	1	1.50	1.240
group 2	0-100%	0	ab01217	0	2091	0	1	1.50	1.240
group 2	0-100%	0	ab00526	1	2091	0	1	1.50	1.240
group 2	0-100%	0	ab00691	0	2091	0	3	1.50	1.240
group 2	0-100%	0	ab00473	0	2091	0	1	1.50	1.240
group 2	0-100%	0	ab00022	0	2091	0	0	1.50	1.240
group 2	0-100%	0	ab02135	4	2091	0	1	1.50	1.240
group 2	0-100%	0	ab01456	2	2091	0	1	1.50	1.240
group 2	0-100%	0	ab02229	1	2091	0	0	1.50	1.240
group 2	0-100%	0	ab00585	0	2091	0	1	1.50	1.240
group 2	0-100%	0	ab01902	0	2091	0	1	1.50	1.240
group 2	0-100%	0	ab01646	1	2091	1	1	1.50	1.240
group 2	0-100%	0	ab02434	1	2091	0	0	1.50	1.240
group 2	0-100%	0	ab00648	1	2091	0	1	1.50	1.240
group 2	0-100%	0	ab00794	2	2091	0	1	1.50	1.240
group 2	0-100%	0	ab01517	3	2091	0	0	1.50	1.240
group 2	0-100%	0	ab00953	2	2091	0	1	1.50	1.240
group 2	0-100%	0	ab00233	1	2091	0	1	1.50	1.240
group 2	0-100%	0	ab01017	2	2091	0	0	1.50	1.240
group 2	0-100%	0	ab00733	1	2091	0	1	1.50	1.240
group 2	0-100%	0	ab00130	2	2091	0	1	1.50	1.240
group 2	0-100%	0	ab00554	1	2091	0	2	1.50	1.240
group 2	0-100%	0	ab01080	1	2091	0	1	1.50	1.240
group 2	0-100%	0	ab01970	0	2091	0	0	1.50	1.240
group 2	0-100%	0	ab01394	1	2091	0	0	1.50	1.240
group 2	0-100%	0	ab02144	1	2091	0	2	1.50	1.240
group 2	0-100%	0	ab00802	0	2091	0	1	1.50	1.240
group 2	0-100%	0	ab02236	2	2091	0	1	1.50	1.240
group 2	0-100%	0	ab02409	3	2091	0	1	1.50	1.240
group 2	0-100%	0	ab01644	1	2091	0	1	1.50	1.240
group 2	0-100%	0	ab01372	3	2091	0	1	1.50	1.240
group 2	0-100%	0	ab01532	4	2091	0	1	1.50	1.240
group 2	0-100%	0	ab01820	1	2091	0	1	1.50	1.240
group 2	0-100%	0	ab01422	2	2091	0	1	1.50	1.240
group 2	0-100%	0	ab00145	0	2091	0	1	1.50	1.240
group 2	0-100%	0	ab00570	0	2091	0	1	1.50	1.240
group 2	0-100%	0	ab01742	0	2091	0	2	1.50	1.240
group 2	0-100%	0	ab02223	1	2091	0	1	1.50	1.240
group 2	0-100%	0	ab01515	3	2091	0	1	1.50	1.240
group 2	0-100%	0	ab02027	0	2091	0	1	1.50	1.240
group 2	0-100%	0	ab00572	1	2091	0	0	1.50	1.240
group 2	0-100%	0	ab00853	3	2091	0	1	1.50	1.240
group 2	0-100%	0	ab00982	3	2091	0	1	1.50	1.240
group 2	0-100%	0	ab01743	0	2091	0	2	1.50	1.240
group 2	0-100%	0	ab01754	3	2091	0	1	1.50	1.240
group 2	0-100%	0	ab00402	0	2091	0	1	1.50	1.240
group 2	0-100%	0	ab00254	1	2091	0	1	1.50	1.240
group 2	0-100%	0	ab01690	3	2091	0	1	1.50	1.240
group 2	0-100%	0	ab00950	3	2091	0	1	1.50	1.240
group 2	0-100%	0	ab01465	3	2091	0	1	1.50	1.240
group 2	0-100%	0	ab01672	2	2091	0	1	1.50	1.240
group 2	0-100%	0	ab01011	3	2091	0	0	1.50	1.240
group 2	0-100%	0	ab00297	3	2091	0	1	1.50	1.240
group 2	0-100%	0	ab00262	3	2091	0	1	1.50	1.240
group 2	0-100%	0	ab00265	4	2091	0	0	1.50	1.240
group 2	0-100%	0	ab01474	4	2091	0	1	1.50	1.240
group 2	0-100%	0	ab02012	0	2091	0	1	1.50	1.240
group 2	0-100%	0	ab00499	0	2091	0	1	1.50	1.240
group 2	0-100%	0	ab02106	0	2091	0	1	1.50	1.240
group 2	0-100%	0	ab01490	3	2091	0	1	1.50	1.240
group 2	0-100%	0	ab01335	1	2091	0	1	1.50	1.240
group 2	0-100%	0	ab01843	0	2091	0	0	1.50	1.240
group 2	0-100%	0	ab01131	0	2091	0	2	1.50	1.240
group 2	0-100%	0	ab01123	1	2091	0	2	1.50	1.240
group 2	0-100%	0	ab01522	2	2091	0	1	1.50	1.240
group 2	0-100%	0	ab01748	2	2091	0	0	1.50	1.240
group 2	0-100%	0	ab00556	1	2091	0	1	1.50	1.240
group 2	0-100%	0	ab02467	2	2091	0	0	1.50	1.240
group 2	0-100%	0	ab00238	0	2091	6	5	1.50	1.240
group 2	0-100%	0	ab01546	3	2091	0	2	1.50	1.240
group 2	0-100%	0	ab00425	1	2091	0	0	1.50	1.240
group 2	0-100%	0	ab01599	0	2091	0	1	1.50	1.240
group 2	0-100%	0	ab00588	0	2091	0	0	1.50	1.240
group 2	0-100%	0	ab02443	1	2091	0	1	1.50	1.240
group 2	0-100%	0	ab01885	1	2091	0	3	1.50	1.240
group 2	0-100%	0	ab00827	1	2091	0	0	1.50	1.240
group 2	0-100%	0	ab00706	0	2091	0	1	1.50	1.240
group 2	0-100%	0	ab01874	2	2091	0	1	1.50	1.240
group 2	0-100%	0	ab01008	3	2091	0	0	1.50	1.240
group 2	0-100%	0	ab01408	3	2091	0	1	1.50	1.240
group 2	0-100%	0	ab00088	2	2091	0	2	1.50	1.240
group 2	0-100%	0	ab00264	5	2091	0	0	1.50	1.240
group 2	0-100%	0	ab00437	0	2091	0	2	1.50	1.240
group 2	0-100%	0	ab00916	0	2091	0	1	1.50	1.240
group 2	0-100%	0	ab01894	3	2091	0	2	1.50	1.240
group 2	0-100%	0	ab00002	1	2091	0	0	1.50	1.240
group 2	0-100%	0	ab00991	1	2091	0	3	1.50	1.240
group 2	0-100%	0	ab01506	4	2091	0	1	1.50	1.240
group 2	0-100%	0	ab00867	1	2091	0	0	1.50	1.240
group 2	0-100%	0	ab02388	1	2091	0	0	1.50	1.240
group 2	0-100%	0	ab00278	4	2091	0	0	1.50	1.240
group 2	0-100%	0	ab01459	2	2091	0	2	1.50	1.240
group 2	0-100%	0	ab01966	2	2091	0	1	1.50	1.240
group 2	0-100%	0	ab00062	2	2091	0	3	1.50	1.240
group 2	0-100%	0	ab01875	0	2091	0	1	1.50	1.240
group 2	0-100%	0	ab01504	4	2091	0	1	1.50	1.240
group 2	0-100%	0	ab00695	0	2091	0	7	1.50	1.240
group 2	0-100%	0	ab00516	0	2091	0	0	1.50	1.240
group 2	0-100%	0	ab01611	2	2091	0	1	1.50	1.240
group 2	0-100%	0	ab02095	3	2091	0	1	1.50	1.240
group 2	0-100%	0	ab01015	2	2091	0	0	1.50	1.240
group 2	0-100%	0	ab02242	2	2091	0	2	1.50	1.240
group 2	0-100%	0	ab01997	0	2091	0	1	1.50	1.240
group 2	0-100%	0	ab02136	3	2091	0	2	1.50	1.240
group 2	0-100%	0	ab01967	2	2091	0	1	1.50	1.240
group 2	0-100%	0	ab02230	2	2091	0	1	1.50	1.240
group 2	0-100%	0	ab01384	3	2091	0	2	1.50	1.240
group 2	0-100%	0	ab00753	1	2091	0	0	1.50	1.240
group 2	0-100%	0	ab01280	1	2091	0	2	1.50	1.240
group 2	0-100%	0	ab02261	1	2091	0	4	1.50	1.240
group 2	0-100%	0	ab02271	0	2091	0	3	1.50	1.240
group 2	0-100%	0	ab00257	4	2091	0	1	1.50	1.240
group 2	0-100%	0	ab01290	1	2091	0	1	1.50	1.240
group 2	0-100%	0	ab01668	2	2091	0	1	1.50	1.240
group 2	0-100%	0	ab02440	6	2091	0	1	1.50	1.240
group 2	0-100%	0	ab00926	0	2091	0	1	1.50	1.240
group 2	0-100%	0	ab01870	1	2091	0	1	1.50	1.240
group 2	0-100%	0	ab01781	0	2091	0	0	1.50	1.240
group 2	0-100%	0	ab00857	2	2091	0	0	1.50	1.240
group 2	0-100%	0	ab00855	2	2091	0	1	1.50	1.240
group 2	0-100%	0	ab00594	0	2091	0	1	1.50	1.240
group 2	0-100%	0	ab00944	4	2091	0	1	1.50	1.240
group 2	0-100%	0	ab02439	3	2091	0	0	1.50	1.240
group 2	0-100%	0	ab02133	1	2091	0	1	1.50	1.240
group 2	0-100%	0	ab01927	1	2091	1	1	1.50	1.240
group 2	0-100%	0	ab01400	3	2091	0	1	1.50	1.240
group 2	0-100%	0	ab00841	3	2091	0	1	1.50	1.240
group 2	0-100%	0	ab00358	0	2091	1	0	1.50	1.240
group 2	0-100%	0	ab01910	2	2091	0	1	1.50	1.240
group 2	0-100%	0	ab02386	3	2091	0	1	1.50	1.240
group 2	0-100%	0	ab00905	2	2091	0	0	1.50	1.240
group 2	0-100%	0	ab01461	4	2091	0	1	1.50	1.240
group 2	0-100%	0	ab01984	2	2091	0	2	1.50	1.240
